artist,album,year,rym_rank,aoty_rank,source,aoty_user_score,aoty_ratings_count,aoty_genres
Kendrick Lamar,To Pimp a Butterfly,2015,1,1,RYM + AOTY,95,54407,"Conscious Hip Hop , Jazz Rap , West Coast Hip Hop , Political Hip Hop Funk , Neo-Soul , Poetry , Jazz Fusion"
Radiohead,OK Computer,1997,2,7,RYM + AOTY,93,39153,"Alternative Rock , Art Rock Space Rock Revival , Post-Britpop"
Radiohead,In Rainbows,2007,3,6,RYM + AOTY,93,36587,"Art Rock , Alternative Rock Dream Pop , Art Pop , Electronic"
Pink Floyd,Wish You Were Here,1975,4,4,RYM + AOTY,94,24330,"Progressive Rock , Art Rock Psychedelic Rock , Space Rock"
King Crimson,In the Court of the Crimson King,1969,5,16,RYM + AOTY,91,19349,"Progressive Rock , Art Rock Free Improvisation , Symphonic Prog , Jazz-Rock"
Kendrick Lamar,"Good Kid, M.A.A.D City",2012,6,3,RYM + AOTY,94,43306,"West Coast Hip Hop , Conscious Hip Hop Hardcore Hip Hop , Pop Rap , Trap , Gangsta Rap"
Radiohead,Kid A,2000,7,34,RYM + AOTY,90,29907,"Art Rock , Electronic , Experimental Rock Ambient , IDM , Post-Rock , Art Pop"
Pink Floyd,The Dark Side of the Moon,1973,8,19,RYM + AOTY,91,27969,"Art Rock , Progressive Rock , Psychedelic Rock Space Rock"
Madvillain,Madvillainy,2004,9,10,RYM + AOTY,92,29880,"Abstract Hip Hop , Experimental Hip Hop Jazz Rap , Instrumental Hip Hop , Sampledelia , Sound Collage"
my bloody valentine,Loveless,1991,10,104,RYM + AOTY,89,20048,"Shoegaze , Noise Pop Dream Pop , Neo-Psychedelia"
The Beatles,Abbey Road,1969,11,12,RYM + AOTY,92,22423,"Pop Rock Progressive Pop , Psychedelic Pop , Art Pop , Blues Rock"
Talking Heads,Remain in Light,1980,12,73,RYM + AOTY,89,14943,"New Wave , Post-Punk Afrobeat , Dance-Punk , Funk , Mutant Disco , Experimental Rock"
David Bowie,The Rise and Fall of Ziggy Stardust and The Spiders From Mars,1972,13,18,RYM + AOTY,91,17988,"Glam Rock , Pop Rock Rock Opera , Hard Rock , Art Rock"
Godspeed You Black Emperor!,Lift Yr. Skinny Fists Like Antennas to Heaven!,2000,14,5,RYM + AOTY,93,16772,"Post-Rock Field Recordings , Drone , Chamber Music , Ambient"
Nas,Illmatic,1994,15,9,RYM + AOTY,93,26327,"Boom Bap , East Coast Hip Hop , Hardcore Hip Hop Jazz Rap , Conscious Hip Hop"
The Beatles,Revolver,1966,16,74,RYM + AOTY,89,17952,"Pop Rock , Psychedelic Pop Psychedelic Rock , Experimental Rock , Art Rock , Raga Rock"
Black Sabbath,Paranoid,1970,17,57,RYM + AOTY,90,13177,"Heavy Metal , Hard Rock Traditional Doom Metal , Blues Rock , Heavy Psych , Occult Rock"
Björk,Vespertine,2001,18,8,RYM + AOTY,93,19498,"Art Pop , Electronic Folktronica , Ambient Pop , Glitch Pop , Microsound , Downtempo"
The Cure,Disintegration,1989,19,36,RYM + AOTY,90,12644,"Gothic Rock , Post-Punk , Dream Pop Ethereal Wave"
Mingus,The Black Saint and the Sinner Lady,1963,20,14,RYM + AOTY,92,8553,"Avant-Garde Jazz , Third Stream Flamenco Jazz , Ballet , Big Band"
The Velvet Underground &,The Velvet Underground & Nico,1967,21,,RYM,,,
John Coltrane,A Love Supreme,1965,22,50,RYM + AOTY,90,8276,"Spiritual Jazz Modal Jazz , Post-Bop"
Pink Floyd,Animals,1977,23,27,RYM + AOTY,91,15583,"Progressive Rock , Art Rock Psychedelic Rock , Hard Rock , Animal Sounds"
King Crimson,Red,1974,24,52,RYM + AOTY,90,8665,"Progressive Rock , Art Rock Jazz-Rock , Free Improvisation , Hard Rock , Heavy Metal"
Miles Davis,Kind of Blue,1959,25,33,RYM + AOTY,91,11159,"Cool Jazz , Modal Jazz"
Stevie Wonder,Songs in the Key of Life,1976,26,2,RYM + AOTY,94,14814,"Soul , Progressive Soul Funk , Pop Soul , Smooth Soul"
The Beach Boys,Pet Sounds,1966,27,215,RYM + AOTY,87,11930,"Baroque Pop Sunshine Pop , Psychedelic Pop , Brill Building , Progressive Pop"
Cocteau Twins,Heaven or Las Vegas,1990,28,48,RYM + AOTY,90,16249,"Dream Pop , Ethereal Wave Baggy , Neo-Psychedelia , Shoegaze"
Fishmans,Long Season,1996,29,43,RYM + AOTY,90,12243,"Neo-Psychedelia , Dream Pop , Ambient Pop Dub , Post-Rock , Post-Minimalism"
"Tyler, The Creator",Igor,2019,30,32,RYM + AOTY,90,48768,"Neo-Soul , Alternative R&B Neo-Psychedelia , Synth Funk , Experimental Hip Hop , Psychedelic Soul"
Kanye West,My Beautiful Dark Twisted Fantasy,2010,31,64,RYM + AOTY,89,44904,"Pop Rap Art Pop , Experimental Hip Hop"
Kanye West,The College Dropout,2004,32,17,RYM + AOTY,91,38077,"Chipmunk Soul , Pop Rap Neo-Soul , Conscious Hip Hop , Spoken Word"
Portishead,Dummy,1994,33,54,RYM + AOTY,90,13753,"Trip Hop Dark Jazz , Acid Jazz , Illbient , Turntablism , Spy Music"
Wu-Tang Clan,Enter the Wu-Tang (36 Chambers),1993,34,15,RYM + AOTY,91,16336,"Hardcore Hip Hop , Boom Bap , East Coast Hip Hop Gangsta Rap"
Slint,Spiderland,1991,35,163,RYM + AOTY,88,11653,"Post-Rock , Post-Hardcore , Math Rock Experimental Rock , Emo , Slowcore , Spoken Word"
Death Grips,The Money Store,2012,36,155,RYM + AOTY,88,23971,"Industrial Hip Hop , Hardcore Hip Hop , Experimental Hip Hop Glitch Hop , Abstract Hip Hop"
Nick Drake,Pink Moon,1972,37,111,RYM + AOTY,89,10594,"Singer-Songwriter , Contemporary Folk Folk Baroque"
Neutral Milk Hotel,In the Aeroplane Over the Sea,1998,38,150,RYM + AOTY,88,19591,"Indie Folk , Indie Rock Singer-Songwriter , Psychedelic Folk , Slacker Rock"
Slowdive,Souvlaki,1993,39,148,RYM + AOTY,88,13319,"Shoegaze , Dream Pop Space Rock Revival , Neo-Psychedelia , Ambient Pop"
The Smiths,The Queen Is Dead,1986,40,205,RYM + AOTY,87,14250,"Jangle Pop , Indie Pop Post-Punk"
The Microphones,"""The Glow"" Pt. 2",2001,41,28,RYM + AOTY,91,14233,"Indie Folk , Psychedelic Folk Avant-Folk , Noise Rock , Slacker Rock , Field Recordings , Singer-Songwriter"
The Beatles,Sgt. Peppers Lonely Hearts Club Band,1967,42,,RYM,,,
Daft Punk,Discovery,2001,43,25,RYM + AOTY,91,21107,"French House Electro-Disco , Synth Funk , Funky House , Nu-Disco , Sampledelia"
Marvin Gaye,What's Going On,1971,44,11,RYM + AOTY,92,15885,Progressive Soul Smooth Soul
Björk,Homogenic,1997,45,21,RYM + AOTY,91,16244,"Art Pop , Electronic Trip Hop , Glitch Pop , IDM , Chamber Pop"
Frank Ocean,Blonde,2016,46,65,RYM + AOTY,89,35947,"Alternative R&B , Art Pop , Neo-Soul Singer-Songwriter , Ambient Pop"
Joy Division,Unknown Pleasures,1979,47,287,RYM + AOTY,86,11434,"Post-Punk , Gothic Rock Coldwave"
Elliott Smith,Either / Or,1997,48,71,RYM + AOTY,89,10349,"Indie Folk , Singer-Songwriter Slacker Rock , Folk Rock , Indie Pop"
The Beatles,The Beatles [White Album],1968,49,,RYM,,,
Miles Davis,In a Silent Way,1969,50,93,RYM + AOTY,89,5427,"Jazz Fusion , Modal Jazz Ambient , Avant-Garde Jazz , Cool Jazz"
A Tribe Called Quest,The Low End Theory,1991,51,35,RYM + AOTY,90,16365,"Jazz Rap , East Coast Hip Hop , Conscious Hip Hop Boom Bap"
Godspeed You Black Emperor!,F♯A♯∞,1997,52,63,RYM + AOTY,90,6815,"Post-Rock Field Recordings , Drone , Ambient , Spoken Word , Chamber Music"
Danny Brown,Atrocity Exhibition,2016,53,55,RYM + AOTY,90,22441,"Experimental Hip Hop , Hardcore Hip Hop Industrial Hip Hop , Abstract Hip Hop , Post-Punk , Horrorcore"
Aphex Twin,Selected Ambient Works 85-92,1992,54,175,RYM + AOTY,88,13259,"Ambient Techno , IDM Ambient , Chillout , Ambient House"
Have a Nice Life,Deathconsciousness,2008,55,20,RYM + AOTY,91,16163,"Post-Punk , Shoegaze , Post-Rock , Gothic Rock Drone , Post-Industrial , Doomgaze"
Yes,Close to the Edge,1972,56,110,RYM + AOTY,89,6742,"Symphonic Prog , Progressive Rock Art Rock"
Nirvana,Nevermind,1991,57,56,RYM + AOTY,90,23708,"Grunge , Alternative Rock Punk Rock"
David Bowie,★ [Blackstar],2016,58,51,RYM + AOTY,90,12174,"Art Rock , Jazz-Rock , Experimental Rock Electronic , Post-Rock"
Fishmans,98.12.28 Otokotachi no wakare 98.12.28 男達の別れ,1999,59,,RYM,,,
MF DOOM,Mm..Food,2004,60,100,RYM + AOTY,89,19808,"Abstract Hip Hop , East Coast Hip Hop Jazz Rap , Experimental Hip Hop , Sampledelia , Plunderphonics"
Kate Bush,Hounds of Love,1985,61,70,RYM + AOTY,89,12690,"Art Pop , Progressive Pop Baroque Pop , Synthpop"
David Bowie,Low,1977,62,152,RYM + AOTY,88,8444,"Art Rock , Ambient Electronic , Krautrock , Art Pop , Progressive Electronic"
Sufjan Stevens,Illinois,2005,63,31,RYM + AOTY,91,11263,"Chamber Pop , Singer-Songwriter Chamber Folk , Progressive Pop , Indie Folk , Folk Pop , Art Pop"
Television,Marquee Moon,1977,64,121,RYM + AOTY,88,6976,"Post-Punk , Art Punk , Art Rock Glam Punk , Glam Rock"
Bob Dylan,Highway 61 Revisited,1965,65,91,RYM + AOTY,89,8609,"Folk Rock , Singer-Songwriter Blues Rock , Contemporary Folk"
Miles Davis,Bitches Brew,1970,66,68,RYM + AOTY,90,6285,"Jazz Fusion , Avant-Garde Jazz Jazz-Rock , Jazz-Funk"
Jeff Buckley,Grace,1994,67,13,RYM + AOTY,92,19148,"Alternative Rock , Singer-Songwriter Art Rock , Folk Rock"
DJ Shadow,Endtroducing.....,1996,68,127,RYM + AOTY,88,8231,"Instrumental Hip Hop , Plunderphonics Sampledelia , Trip Hop , Turntablism , Experimental Hip Hop"
Nirvana,In Utero,1993,69,80,RYM + AOTY,89,17529,"Grunge , Noise Rock Post-Hardcore"
Black Sabbath,Master of Reality,1971,70,329,RYM + AOTY,86,6561,"Heavy Metal , Traditional Doom Metal Stoner Metal , Occult Rock"
Swans,Soundtracks for the Blind,1996,71,103,RYM + AOTY,89,8829,"Post-Rock , Experimental Rock , Experimental Dark Ambient , Field Recordings , Drone , Spoken Word , Sound Collage"
J Dilla,Donuts,2006,72,78,RYM + AOTY,89,12540,"Instrumental Hip Hop , Plunderphonics Soul , Experimental Hip Hop , Sampledelia"
"Black Country, New Road",Ants From Up There,2022,73,41,RYM + AOTY,90,26127,"Art Rock , Post-Rock , Chamber Pop Chamber Music , Indie Rock"
Led Zeppelin,Led Zeppelin [IV],1971,74,113,RYM + AOTY,89,10335,"Hard Rock Folk Rock , Blues Rock"
Kanye West,Late Registration,2005,75,44,RYM + AOTY,90,33070,"Pop Rap Conscious Hip Hop , Chipmunk Soul , Neo-Soul , Jazz Rap"
Pixies,Doolittle,1989,76,,RYM,,,
Massive Attack,Mezzanine,1998,77,94,RYM + AOTY,89,11125,"Trip Hop Post-Industrial , Dub , Illbient , Industrial Rock"
Nine Inch Nails,The Downward Spiral,1994,78,61,RYM + AOTY,90,11676,"Industrial Rock Electro-Industrial , Industrial Metal , Noise Rock , Art Rock"
The Jimi Hendrix Experience,Electric Ladyland,1968,79,30,RYM + AOTY,91,9628,"Psychedelic Rock , Blues Rock , Acid Rock Heavy Psych , Hard Rock , Psychedelic Soul"
The Doors,The Doors,1967,80,255,RYM + AOTY,87,8543,"Psychedelic Rock Blues Rock , Acid Rock"
David Bowie,Station to Station,1976,81,96,RYM + AOTY,89,7400,"Art Rock , Funk Rock Blue-Eyed Soul , Piano Rock"
Magdalena Bay,Imaginal Disk,2024,82,39,RYM + AOTY,90,30051,"Neo-Psychedelia , Synthpop Alternative Dance , Chillwave , Dance-Pop , Progressive Pop , Pop Rock"
Metallica,Ride the Lightning,1984,83,99,RYM + AOTY,89,10567,Thrash Metal Heavy Metal
Talk Talk,Laughing Stock,1991,84,267,RYM + AOTY,87,4986,"Post-Rock , Art Rock Jazz-Rock , Experimental Rock , Chamber Jazz , Ambient Pop"
Bob Dylan,Blood on the Tracks,1975,85,114,RYM + AOTY,89,5536,"Folk Rock , Singer-Songwriter Contemporary Folk"
Bob Dylan,Blonde on Blonde,1966,86,117,RYM + AOTY,89,5748,"Folk Rock , Singer-Songwriter Blues Rock"
Death,Symbolic,1995,87,60,RYM + AOTY,90,5766,"Technical Death Metal Progressive Metal , Melodic Death Metal"
Pharoah Sanders,Karma,1969,88,87,RYM + AOTY,89,4145,"Spiritual Jazz Free Jazz , Soul Jazz"
Sufjan Stevens,Carrie & Lowell,2015,89,81,RYM + AOTY,89,11503,"Singer-Songwriter , Indie Folk Chamber Folk , Ambient Pop"
Sade,Love Deluxe,1992,90,23,RYM + AOTY,91,11693,"Smooth Soul , Sophisti-Pop , Downtempo Neo-Soul , Smooth Jazz , Contemporary R&B , Trip Hop"
Joy Division,Closer,1980,91,313,RYM + AOTY,86,6047,"Post-Punk , Gothic Rock Coldwave , Minimal Wave"
OutKast,Aquemini,1998,92,45,RYM + AOTY,90,10901,"Southern Hip Hop , Conscious Hip Hop Neo-Soul , Hardcore Hip Hop , Funk , Experimental Hip Hop"
The Avalanches,Since I Left You,2000,93,97,RYM + AOTY,89,9348,"Sampledelia , Plunderphonics , Instrumental Hip Hop Nu-Disco"
Sweet Trip,Velocity : Design : Comfort,2003,94,122,RYM + AOTY,88,9596,"Glitch Pop , IDM Shoegaze , Glitch , Noise Pop , Dream Pop , Ambient Pop"
Milton Nascimento &,Clube da esquina,1972,95,,RYM,,,
The Strokes,Is This It,2001,96,202,RYM + AOTY,87,17663,"Garage Rock Revival , Indie Rock Post-Punk Revival"
A Tribe Called Quest,Midnight Marauders,1993,97,86,RYM + AOTY,89,8281,"Jazz Rap , Boom Bap , East Coast Hip Hop Conscious Hip Hop"
Black Sabbath,Black Sabbath,1970,98,401,RYM + AOTY,86,7057,"Heavy Metal , Hard Rock , Occult Rock Blues Rock , Heavy Psych , Traditional Doom Metal , Doom Metal"
Stevie Wonder,Innervisions,1973,99,62,RYM + AOTY,90,5992,"Progressive Soul Funk , Smooth Soul , Psychedelic Soul"
Talking Heads,Stop Making Sense,1984,100,,RYM,,,
Metallica,Master of Puppets,1986,101,85,RYM + AOTY,89,12845,Thrash Metal Progressive Metal
Leonard Cohen,Songs of Leonard Cohen,1967,102,217,RYM + AOTY,87,4163,"Contemporary Folk , Singer-Songwriter Chamber Folk"
The Jimi Hendrix Experience,Are You Experienced,1967,103,233,RYM + AOTY,87,5278,"Blues Rock , Psychedelic Rock , Acid Rock Hard Rock"
The Beatles,Rubber Soul,1965,104,448,RYM + AOTY,85,12430,"Pop Rock Folk Rock , Psychedelic Pop , Folk Pop , British Rhythm & Blues"
Freddie Gibbs & Madlib,Piñata,2014,105,42,RYM + AOTY,90,16177,"Gangsta Rap Jazz Rap , Chipmunk Soul , Drumless , Hardcore Hip Hop"
The Cure,Pornography,1982,106,397,RYM + AOTY,86,6607,"Gothic Rock , Post-Punk Coldwave , Neo-Psychedelia"
System of a Down,Toxicity,2001,107,37,RYM + AOTY,90,17599,"Alternative Metal Avant-Garde Metal , Nu Metal"
Fleetwood Mac,Rumours,1977,108,208,RYM + AOTY,87,14404,"Pop Rock , Soft Rock Folk Pop"
Swans,To Be Kind,2014,109,106,RYM + AOTY,89,10505,"Post-Rock , Experimental Rock Drone , Noise Rock , Totalism , Krautrock"
Michael Jackson,Thriller,1982,110,26,RYM + AOTY,91,19241,"Dance-Pop , Contemporary R&B Disco , Synth Funk , Pop Soul , Funk"
Fiona Apple,When the Pawn,1999,111,24,RYM + AOTY,91,12670,"Piano Rock , Singer-Songwriter , Alternative Rock Jazz Pop , Chamber Pop , Art Pop"
Genius/GZA,Liquid Swords,1995,112,82,RYM + AOTY,89,7811,"Hardcore Hip Hop , East Coast Hip Hop , Boom Bap Conscious Hip Hop , Abstract Hip Hop"
George Harrison,All Things Must Pass,1970,113,59,RYM + AOTY,90,5426,"Folk Rock , Pop Rock , Singer-Songwriter Psychedelic Pop , Jam Band"
Frank Zappa,Hot Rats,1969,114,201,RYM + AOTY,88,5643,"Jazz-Rock , Jazz Fusion Progressive Rock , Jam Band"
The Velvet Underground,The Velvet Underground,1969,115,264,RYM + AOTY,87,5145,"Pop Rock Folk Pop , Folk Rock , Art Rock"
Modest Mouse,The Lonesome Crowded West,1997,116,171,RYM + AOTY,88,4935,"Indie Rock Post-Hardcore , Midwest Emo , Slacker Rock , Alt-Country"
Depeche Mode,Violator,1990,117,147,RYM + AOTY,88,8042,"Synthpop Alternative Dance , Darkwave"
Sigur Rós,Ágætis byrjun,1999,118,167,RYM + AOTY,88,6760,"Post-Rock , Ambient Pop Ambient , Dream Pop , Chamber Pop , Art Rock"
Unwound,Leaves Turn Inside You,2001,119,194,RYM + AOTY,88,4410,"Indie Rock , Post-Hardcore , Post-Rock Art Rock , Gothic Rock , Neo-Psychedelia"
Car Seat Headrest,Twin Fantasy,2018,120,,RYM,,,
Can,Future Days,1973,121,,RYM,,,
John Coltrane,Giant Steps,1960,122,314,RYM + AOTY,86,3428,Hard Bop Modal Jazz
Sonic Youth,Daydream Nation,1988,123,464,RYM + AOTY,85,4958,"Alternative Rock , Noise Rock Art Punk , Post-Punk , Experimental Rock , Slacker Rock"
Songs: Ohia,The Magnolia Electric Co,2003,124,118,RYM + AOTY,89,4784,"Alt-Country , Country Rock Americana , Singer-Songwriter , Folk Rock , Progressive Country"
Mobb Deep,The Infamous,1995,125,38,RYM + AOTY,90,8208,"Gangsta Rap , East Coast Hip Hop , Boom Bap Jazz Rap , Hardcore Hip Hop"
Boards of Canada,Music Has the Right to Children,1998,126,317,RYM + AOTY,86,7041,"Downtempo , IDM , Hauntology Ambient , Neo-Psychedelia , Trip Hop"
John Coltrane,My Favorite Things,1961,127,311,RYM + AOTY,87,2608,"Post-Bop , Modal Jazz Cool Jazz"
Björk,Post,1995,128,149,RYM + AOTY,88,14489,"Art Pop , Electronic Trip Hop , Alternative Dance , Tribal House"
Talk Talk,Spirit of Eden,1988,129,431,RYM + AOTY,86,3653,"Art Rock , Post-Rock Chamber Jazz , Ambient Pop"
Radiohead,A Moon Shaped Pool,2016,130,178,RYM + AOTY,88,18398,"Art Pop , Art Rock , Chamber Pop Electronic , Ambient Pop , Post-Rock"
Radiohead,The Bends,1995,131,366,RYM + AOTY,86,24572,"Alternative Rock , Post-Britpop Art Rock , Britpop"
Boards of Canada,Geogaddi,2002,132,216,RYM + AOTY,87,5771,"IDM , Downtempo , Hauntology Ambient , Illbient , Ambient Techno , Radio Broadcast Recordings"
Can,Tago Mago,1971,133,433,RYM + AOTY,86,3294,"Krautrock , Psychedelic Rock , Experimental Rock Experimental , Sound Collage"
Joni Mitchell,Blue,1971,134,112,RYM + AOTY,89,8144,"Singer-Songwriter , Contemporary Folk Folk Pop"
Steve Reich /,Music for 18 Musicians,1978,135,,RYM,,,
The Clash,London Calling,1979,136,196,RYM + AOTY,88,8331,"Punk Rock , New Wave Ska , Reggae , Rockabilly , Post-Punk , Reggae Rock"
Smashing Pumpkins,Siamese Dream,1993,137,144,RYM + AOTY,88,8714,"Alternative Rock Grunge , Shoegaze , Dream Pop"
Boris,Flood,2000,138,141,RYM + AOTY,88,4981,"Post-Rock , Drone Drone Metal , Ambient , Post-Metal"
Bob Dylan,Bringing It All Back Home,1965,139,250,RYM + AOTY,87,3963,"Singer-Songwriter , Folk Rock , Contemporary Folk Blues Rock , Electric Blues"
Swans,Swans Are Dead,1998,140,,RYM,,,
Electric Wizard,Dopethrone,2000,141,176,RYM + AOTY,88,4140,"Stoner Metal , Doom Metal Sludge Metal"
Queens of the Stone Age,Songs for the Deaf,2002,142,137,RYM + AOTY,88,10205,"Stoner Rock , Alternative Rock , Hard Rock Stoner Metal , Radio Broadcast Recordings"
Burial,Untrue,2007,143,452,RYM + AOTY,85,7168,"Future Garage , Dubstep Ambient , 2-Step , Hauntology"
Joanna Newsom,Ys,2006,144,95,RYM + AOTY,89,4910,"Progressive Folk , Chamber Folk , Singer-Songwriter , Freak Folk Chamber Music , Poetry"
Alice in Chains,Dirt,1992,145,183,RYM + AOTY,88,8802,"Grunge , Alternative Metal Stoner Metal , Sludge Metal"
Deftones,White Pony,2000,146,186,RYM + AOTY,88,13553,"Alternative Metal Shoegaze , Nu Metal , Post-Hardcore , Post-Metal"
King Crimson,Discipline,1981,147,,RYM,,,
The Stooges,Fun House,1970,148,,RYM,,,
Invisible,El jardín de los presentes,1976,149,123,RYM + AOTY,89,2894,"Progressive Rock , Art Rock Psychedelic Rock , Jazz-Rock , Folk Rock"
Kate Bush,The Dreaming,1982,150,174,RYM + AOTY,88,5546,"Progressive Pop , Art Pop Baroque Pop , Art Rock , Experimental Rock , Dark Cabaret"
Weyes Blood,Titanic Rising,2019,151,98,RYM + AOTY,89,13602,"Baroque Pop , Art Pop Psychedelic Pop , Progressive Pop , Singer-Songwriter , Dream Pop , Soft Rock"
Megadeth,Rust in Peace,1990,152,291,RYM + AOTY,87,5708,Thrash Metal Technical Thrash Metal
Lauryn Hill,The Miseducation of Lauryn Hill,1998,153,22,RYM + AOTY,91,17021,"Neo-Soul , Contemporary R&B , East Coast Hip Hop Conscious Hip Hop , Boom Bap , Hip Hop Soul"
Sweet Trip,You Will Never Know Why,2009,154,302,RYM + AOTY,86,5146,"Dream Pop , Indie Pop , Indie Rock , Progressive Pop Indietronica , Neo-Psychedelia , Twee Pop , Shoegaze"
Death Grips,Jenny Death,2015,155,173,RYM + AOTY,88,4895,"Noise Rock , Experimental Hip Hop , Rap Rock , Industrial Hip Hop , Abstract Hip Hop Experimental Rock , Hardcore Hip Hop , Synth Punk , Digital Hardcore"
Alice Coltrane featuring Pharoah Sanders,Journey in Satchidananda,1971,156,318,RYM + AOTY,87,2237,"Spiritual Jazz Avant-Garde Jazz , Post-Bop , Hindustani Classical Music , Indo Jazz"
Akira Yamaoka 山岡晃,Silent Hill 2,2001,157,,RYM,,,
The Velvet Underground,White Light / White Heat,1968,158,,RYM,,,
Rage Against the Machine,Rage Against the Machine,1992,159,134,RYM + AOTY,88,10282,"Rap Metal , Alternative Metal Funk Metal , Political Hip Hop"
Jorge Ben,Fôrça bruta,1970,160,142,RYM + AOTY,89,1554,"MPB , Samba-Rock"
Boris,Boris at Last -Feedbacker-,2003,161,224,RYM + AOTY,87,4883,"Post-Metal , Drone Metal , Noise Rock Psychedelic Rock , Noise , Post-Rock"
Neil Young,After the Gold Rush,1970,162,,RYM,,,
Charles Mingus,Mingus Ah Um,1959,163,430,RYM + AOTY,86,2515,"Post-Bop , Hard Bop Cool Jazz"
Interpol,Turn On the Bright Lights,2002,164,214,RYM + AOTY,87,8549,"Post-Punk Revival , Indie Rock Post-Rock , Gothic Rock , Dream Pop"
C418,Minecraft: Volume Alpha,2011,165,,RYM,,,
Fishmans,Uchu Nippon Setagaya 宇宙 日本 世田谷,1997,166,,RYM,,,
Built to Spill,Perfect From Now On,1997,167,337,RYM + AOTY,86,2575,"Indie Rock Midwest Emo , Post-Rock , Psychedelic Rock , Art Rock , Space Rock Revival"
Nick Drake,Five Leaves Left,1969,168,256,RYM + AOTY,87,3953,"Chamber Folk , Singer-Songwriter Contemporary Folk"
Pink Floyd,Meddle,1971,169,,RYM,,,
David Bowie,Hunky Dory,1971,170,426,RYM + AOTY,85,8087,"Pop Rock , Glam Rock , Art Rock Piano Rock , Art Pop , Baroque Pop , Singer-Songwriter"
D'Angelo,Voodoo,2000,171,66,RYM + AOTY,90,8095,"Neo-Soul Smooth Soul , Contemporary R&B , Funk , Psychedelic Soul , Progressive Soul"
"Tyler, The Creator",Flower Boy,2017,172,463,RYM + AOTY,85,33018,"West Coast Hip Hop , Neo-Soul , Alternative R&B Pop Rap , Synth Funk"
JPEGMAFIA,LP!,2021,173,,RYM,,,
Mos Def,Black on Both Sides,1999,174,46,RYM + AOTY,90,8234,"Conscious Hip Hop , East Coast Hip Hop Boom Bap , Jazz Rap , Neo-Soul , Political Hip Hop"
Kanye West,Yeezus,2013,175,,RYM,,,
OutKast,ATLiens,1996,176,177,RYM + AOTY,88,8035,"Southern Hip Hop Conscious Hip Hop , Neo-Soul , Boom Bap"
The Beach Boys,The Smile Sessions,2011,177,,RYM,,,
Neil Young,On the Beach,1974,178,,RYM,,,
The Notorious B.I.G.,Ready to Die,1994,179,105,RYM + AOTY,89,9790,"Gangsta Rap , Boom Bap , East Coast Hip Hop G-Funk , Hardcore Hip Hop , Conscious Hip Hop"
Tom Waits,Rain Dogs,1985,180,489,RYM + AOTY,85,2899,"Experimental Rock , Singer-Songwriter , Dark Cabaret Blues Rock , Beat Poetry"
King Crimson,Larks' Tongues in Aspic,1973,181,,RYM,,,
Daft Punk,Alive 2007,2007,182,,RYM,,,
David Bowie,"""Heroes""",1977,183,230,RYM + AOTY,87,7398,"Art Rock Ambient , Krautrock , Electronic , Art Pop"
A Tribe Called Quest,We Got It From Here… Thank You 4 Your Service,2016,184,84,RYM + AOTY,89,8850,"Jazz Rap , East Coast Hip Hop , Conscious Hip Hop Boom Bap , Neo-Psychedelia , Political Hip Hop , Experimental Hip Hop"
Nujabes,Modal Soul,2005,185,107,RYM + AOTY,89,7819,"Jazz Rap , Instrumental Hip Hop Deep House , Boom Bap , Lo-Fi Hip Hop , Conscious Hip Hop"
Herbie Hancock,Head Hunters,1973,186,232,RYM + AOTY,87,4524,"Jazz-Funk , Jazz Fusion Synth Funk"
The Zombies,Odessey and Oracle,1968,187,,RYM,,,
Novos Baianos,Acabou chorare,1972,188,138,RYM + AOTY,89,2011,"MPB , Samba Tropicália , Baião , Samba-Rock"
Tool,Lateralus,2001,189,159,RYM + AOTY,88,7982,"Progressive Metal , Alternative Metal Post-Metal"
Steely Dan,Aja,1977,190,244,RYM + AOTY,87,5377,"Jazz-Rock , Yacht Rock Funk Rock , Pop Rock , Jazz Fusion"
Stereolab,Dots and Loops,1997,191,419,RYM + AOTY,86,4112,"Ambient Pop , Indietronica , Art Pop , Post-Rock Lounge , Neo-Psychedelia , Space Age Pop , Krautrock , Chamber Pop"
Gustavo Cerati,Bocanada,1999,192,92,RYM + AOTY,89,5102,"Neo-Psychedelia , Downtempo , Art Pop , Art Rock Trip Hop , Alternative Dance , Dream Pop , Sampledelia"
Neil Young &,Rust Never Sleeps,1979,193,,RYM,,,
Eno,Another Green World,1975,194,,RYM,,,
Miles Davis,Get Up With It,1974,195,,RYM,,,
Converge,Jane Doe,2001,196,166,RYM + AOTY,88,5132,"Mathcore , Metalcore Hardcore Punk , Sludge Metal"
Chico Buarque,Construção,1971,197,75,RYM + AOTY,89,3798,"MPB , Singer-Songwriter Samba"
Talking Heads,Fear of Music,1979,198,454,RYM + AOTY,85,5054,"Post-Punk , New Wave , Art Punk Funk Rock , Dance-Punk , Mutant Disco"
Ween,Quebec,2003,199,328,RYM + AOTY,86,5420,"Neo-Psychedelia , Art Rock , Alternative Rock Experimental Rock , Folk Rock , Psychedelic Pop , Psychedelic Rock"
The Microphones,Mount Eerie,2003,200,143,RYM + AOTY,88,5311,"Avant-Folk , Psychedelic Folk Drone , Experimental , Field Recordings , Tribal Ambient , Musique Concrète"
Death Grips,Bottomless Pit,2016,201,181,RYM + AOTY,88,12604,"Experimental Hip Hop , Industrial Hip Hop , Abstract Hip Hop Noise Rock , Glitch Hop , Digital Hardcore , Electro-Industrial , Synth Punk"
Prince and The Revolution,Purple Rain,1984,202,29,RYM + AOTY,91,12590,"Pop Rock , Synth Funk Dance-Pop , Funk Rock , Synthpop , Minneapolis Sound"
Death,Human,1991,203,228,RYM + AOTY,87,2975,Technical Death Metal Progressive Metal
Judas Priest,Painkiller,1990,204,434,RYM + AOTY,86,2084,Heavy Metal Speed Metal
The Stone Roses,The Stone Roses,1989,205,335,RYM + AOTY,86,4933,"Baggy , Jangle Pop , Neo-Psychedelia C86 , Britpop"
Cocteau Twins,Treasure,1984,206,,RYM,,,
Fela Kuti &,Expensive Shit,1975,207,,RYM,,,
Pescado Rabioso,Artaud,1973,208,231,RYM + AOTY,87,2865,"Singer-Songwriter , Folk Rock , Art Rock Blues Rock , Progressive Folk , Psychedelic Folk , Psychedelic Rock"
Arcade Fire,Funeral,2004,209,278,RYM + AOTY,87,9267,"Indie Rock , Chamber Pop Post-Punk Revival , Art Pop"
Swans,The Seer,2012,210,131,RYM + AOTY,88,6597,"Post-Rock , Experimental Rock Noise Rock , Neofolk , Drone , Ritual Ambient"
Elliott Smith,Elliott Smith,1995,211,179,RYM + AOTY,88,5199,"Indie Folk , Singer-Songwriter Contemporary Folk"
Townes Van Zandt,Townes Van Zandt,1969,212,479,RYM + AOTY,86,1461,"Singer-Songwriter , Contemporary Folk , Country"
Nirvana,MTV Unplugged in New York,1994,213,,RYM,,,
Leonard Cohen,Songs of Love and Hate,1971,214,377,RYM + AOTY,86,1859,"Singer-Songwriter , Contemporary Folk Chamber Folk"
King Gizzard & The Lizard Wizard,Live at Red Rocks '22,2023,215,,RYM,,,
Can,Ege Bamyası,1972,216,,RYM,,,
Art Blakey and The Jazz Messengers,Art Blakey and The Jazz Messengers [Moanin'],1959,217,450,RYM + AOTY,86,1879,Hard Bop
Angelo Badalamenti,Twin Peaks,1990,218,,RYM,,,
Cryptopsy,None So Vile,1996,219,467,RYM + AOTY,85,2673,"Brutal Death Metal , Technical Death Metal"
Juan Gabriel,En el Palacio de Bellas Artes,1990,220,,RYM,,,
Paul McCartney /,Ram,1971,221,,RYM,,,
Swans,Live Rope,2024,222,,RYM,,,
JPEGMAFIA &,Scaring the Hoes,2023,223,,RYM,,,
Duster,Stratosphere,1998,224,,RYM,,,
Iron Maiden,Powerslave,1984,225,378,RYM + AOTY,86,3083,Heavy Metal Progressive Metal
Gorillaz,Demon Days,2005,226,342,RYM + AOTY,86,18084,"Art Pop , Alternative Rock Alternative Dance , Hip Hop , Trip Hop , Electronic"
Talking Heads,Speaking in Tongues,1983,227,239,RYM + AOTY,87,5749,"New Wave , Synth Funk Art Rock , Mutant Disco , Dance-Punk"
Jorge Ben,A Tábua de Esmeralda,1974,228,136,RYM + AOTY,89,2046,"MPB , Samba , Samba-Rock Psychedelic Pop"
black midi,Hellfire,2022,229,227,RYM + AOTY,87,13344,"Avant-Prog , Brutal Prog Jazz-Rock , Art Rock , Vaudeville , Zeuhl"
Charles Mingus,Let My Children Hear Music,1972,230,263,RYM + AOTY,87,1238,"Third Stream , Big Band Progressive Big Band"
LCD Soundsystem,Sound of Silver,2007,231,165,RYM + AOTY,88,7718,"Dance-Punk , Indietronica , Alternative Dance New Rave , Post-Punk Revival , Mutant Disco"
Geordie Greep,The New Sound,2024,232,226,RYM + AOTY,87,16474,"Jazz-Rock , Progressive Rock , Art Rock Jazz Fusion , Avant-Prog , Latin Rock , Samba-Rock"
At the Drive-In,Relationship of Command,2000,233,330,RYM + AOTY,86,2953,Post-Hardcore Emo
Joanna Newsom,Have One on Me,2010,234,125,RYM + AOTY,89,2189,"Progressive Folk , Chamber Folk , Singer-Songwriter"
Big Thief,Dragon New Warm Mountain I Believe in You,2022,235,294,RYM + AOTY,86,8473,"Indie Folk , Folk Rock Americana , Indie Rock , Singer-Songwriter , Neo-Psychedelia , Alt-Country"
Comus,First Utterance,1971,236,,RYM,,,
Curtis Mayfield,Curtis,1970,237,272,RYM + AOTY,87,2103,"Chicago Soul , Progressive Soul Funk , Psychedelic Soul"
Janet,The Velvet Rope,1997,238,88,RYM + AOTY,89,4720,"Contemporary R&B Trip Hop , Neo-Soul , Dance-Pop , Art Pop"
KIDS SEE GHOSTS,Kids See Ghosts,2018,239,279,RYM + AOTY,86,30975,"Experimental Hip Hop , Pop Rap Neo-Psychedelia , Alternative R&B , Art Pop , Conscious Hip Hop"
Portishead,Third,2008,240,320,RYM + AOTY,86,4641,"Experimental Rock , Electronic Post-Industrial , Krautrock , Trip Hop , Psychedelic Rock"
Mount Eerie,A Crow Looked at Me,2017,241,77,RYM + AOTY,89,7777,"Singer-Songwriter , Indie Folk Slowcore"
Genesis,Selling England by the Pound,1973,242,,RYM,,,
The Beatles,Magical Mystery Tour,1967,243,327,RYM + AOTY,86,9738,"Psychedelic Pop , Pop Rock Psychedelic Rock , Sunshine Pop , Art Rock , Baroque Pop"
JID,The Forever Story,2022,244,49,RYM + AOTY,90,22532,"Southern Hip Hop , Conscious Hip Hop Trap , Jazz Rap , Neo-Soul , Hardcore Hip Hop"
Slayer,Reign in Blood,1986,245,,RYM,,,
Elliott Smith,XO,1998,246,222,RYM + AOTY,87,3782,"Indie Pop , Singer-Songwriter Indie Folk , Indie Rock"
Ween,Live in Chicago,2020,247,,RYM,,,
John Coltrane,Blue Train,1958,248,273,RYM + AOTY,87,3339,Hard Bop
Sun Kil Moon,Ghosts of the Great Highway,2003,249,299,RYM + AOTY,87,2060,"Folk Rock , Singer-Songwriter Alt-Country , Americana , Slowcore , Indie Rock"
Little Simz,Sometimes I Might Be Introvert,2021,250,101,RYM + AOTY,89,14444,"Conscious Hip Hop , UK Hip Hop Orchestral , Jazz Rap , Neo-Soul"
Neil Young /,Everybody Knows This Is Nowhere,1969,251,,RYM,,,
Earl Sweatshirt,Some Rap Songs,2018,252,,RYM,,,
Sheena Ringo 椎名林檎,Kalk Samen Chestnut Flower 加爾基 精液 栗ノ花,2003,253,,RYM,,,
Prince,"Sign ""☮︎"" the Times",1987,254,218,RYM + AOTY,87,3805,"Contemporary R&B Synth Funk , Pop Rock , Minneapolis Sound , Progressive Soul , Psychedelic Soul"
Ween,The Mollusk,1997,255,369,RYM + AOTY,86,5909,"Neo-Psychedelia , Art Rock Sea Shanties , Psychedelic Rock , Psychedelic Pop , Psychedelic Folk , Comedy Rock"
Opeth,Blackwater Park,2001,256,120,RYM + AOTY,89,3260,"Progressive Metal Progressive Rock , Death Metal , Dark Folk"
Wilco,Yankee Hotel Foxtrot,2002,257,,RYM,,,
Stan Getz & João Gilberto,Getz / Gilberto,1964,258,229,RYM + AOTY,87,3736,"Bossa Nova , Samba-Jazz Cool Jazz , Samba-Canção , Vocal Jazz"
Joni Mitchell,Hejira,1976,259,185,RYM + AOTY,88,2316,"Singer-Songwriter , Folk Rock Jazz Fusion , Progressive Folk"
LCD Soundsystem,The Long Goodbye: LCD Soundsystem Live at Madison Square Garden,2014,260,,RYM,,,
Funkadelic,Maggot Brain,1971,261,359,RYM + AOTY,86,5674,"Funk Rock , Psychedelic Soul Psychedelic Rock , Progressive Soul"
Nine Inch Nails,The Fragile,1999,262,200,RYM + AOTY,88,4072,"Industrial Rock , Art Rock , Alternative Rock Ambient , Industrial Metal , Post-Rock , Noise Rock , Electro-Industrial"
Ichiko Aoba 青葉市子,Windswept Adan アダンの風,2020,263,,RYM,,,
Fela Kuti /,Zombie,1977,264,,RYM,,,
,The Fire This Time,2002,265,,RYM,,,
Weezer,Weezer [Blue Album],1994,266,,RYM,,,
Black Sabbath,Sabbath Bloody Sabbath,1973,267,,RYM,,,
Unwound,Repetition,1996,268,412,RYM + AOTY,86,2498,"Post-Hardcore , Noise Rock Emo , Post-Punk , Post-Rock"
John Coltrane,The Olatunji Concert: The Last Live Recording,2001,269,,RYM,,,
Aphex Twin,Selected Ambient Works Volume II,1994,270,338,RYM + AOTY,86,5481,"Ambient , Electronic Drone , Dark Ambient , Ambient Techno , Minimalism"
Dead Kennedys,Fresh Fruit for Rotting Vegetables,1980,271,,RYM,,,
D'Angelo and The Vanguard,Black Messiah,2014,272,164,RYM + AOTY,88,4847,"Neo-Soul , Progressive Soul Psychedelic Soul , Funk Rock , Funk , Psychedelic Rock"
Kanye West,The Life of Pablo,2016,273,,RYM,,,
Jethro Tull,Thick as a Brick,1972,274,,RYM,,,
Nina Simone,Pastel Blues,1965,275,275,RYM + AOTY,87,2723,"Vocal Jazz , Soul , Rhythm and Blues Blues , Piano Blues"
Belle and Sebastian,If You're Feeling Sinister,1996,276,,RYM,,,
Talking Heads,The Name of This Band Is Talking Heads,1982,277,,RYM,,,
Led Zeppelin,Led Zeppelin,1969,278,,RYM,,,
Portishead,Roseland NYC Live,1998,279,,RYM,,,
The Rolling Stones,Sticky Fingers,1971,280,,RYM,,,
Gang Starr,Moment of Truth,1998,281,126,RYM + AOTY,89,2726,"Boom Bap , East Coast Hip Hop Turntablism , Conscious Hip Hop , Jazz Rap"
The Stooges,Raw Power,1973,282,,RYM,,,
Viktor Vaughn,Vaudeville Villain,2003,283,240,RYM + AOTY,87,6635,"Abstract Hip Hop , East Coast Hip Hop Hardcore Hip Hop , Experimental Hip Hop , Boom Bap , Glitch Hop"
Parannoul 파란노을,After the Night,2023,284,,RYM,,,
Nick Drake,Bryter Layter,1971,285,347,RYM + AOTY,86,3700,"Chamber Folk , Singer-Songwriter Jazz Pop , Baroque Pop , Contemporary Folk"
Swans,The Glowing Man,2016,286,72,RYM + AOTY,90,5990,"Post-Rock , Experimental Rock Drone , Neofolk , Noise Rock"
Pavement,"Crooked Rain, Crooked Rain",1994,287,,RYM,,,
Creedence Clearwater Revival,Cosmo's Factory,1970,288,,RYM,,,
Led Zeppelin,Physical Graffiti,1975,289,192,RYM + AOTY,88,5144,"Hard Rock Blues Rock , Folk Rock , Progressive Rock"
Ichiko Aoba 青葉市子,0,2013,290,,RYM,,,
Natural Snow Buildings,Daughter of Darkness,2009,291,,RYM,,,
Ludwig van Beethoven /,IX. Symphonie,1963,292,,RYM,,,
Aphex Twin,Drukqs,2001,293,,RYM,,,
Death,The Sound of Perseverance,1998,294,102,RYM + AOTY,89,3910,"Technical Death Metal , Progressive Metal , Progressive Death Metal Melodic Death Metal"
Natural Snow Buildings,The Dance of the Moon and the Sun,2006,295,162,RYM + AOTY,89,1452,"Psychedelic Folk , Drone , Avant-Folk Ambient , Free Folk , Post-Rock"
Frank Ocean,Channel Orange,2012,296,220,RYM + AOTY,87,25156,"Alternative R&B , Contemporary R&B , Neo-Soul Psychedelic Soul"
Camel,Mirage,1974,297,,RYM,,,
Isaac Hayes,Hot Buttered Soul,1969,298,153,RYM + AOTY,88,2844,"Progressive Soul Spoken Word , Psychedelic Soul , Smooth Soul , Funk , Deep Soul"
Neil Young,Live at Massey Hall 1971,2007,299,,RYM,,,
Yes,Fragile,1971,300,,RYM,,,
Charli xcx,Brat,2024,301,,RYM,,,
Charly García,Clics modernos,1983,302,398,RYM + AOTY,86,1652,"New Wave Synthpop , Art Pop , Pop Rock"
Black Sabbath,Black Sabbath Vol. 4,1972,303,,RYM,,,
The Roots,Things Fall Apart,1999,304,129,RYM + AOTY,88,5550,"East Coast Hip Hop Jazz Rap , Boom Bap , Conscious Hip Hop"
Pink Floyd,The Wall,1979,305,445,RYM + AOTY,85,12649,"Art Rock , Rock Opera Progressive Rock , Symphonic Rock"
Sheena Ringo 椎名林檎,Shouso Strip 勝訴ストリップ,2000,306,,RYM,,,
Boris with Merzbow,Rock Dream,2007,307,,RYM,,,
LCD Soundsystem,This Is Happening,2010,308,140,RYM + AOTY,88,8452,"Indietronica , Dance-Punk , Alternative Dance New Rave , Electro-Disco , New Wave , Post-Punk Revival"
Kanye West,Graduation,2007,309,271,RYM + AOTY,87,39132,"Pop Rap Chipmunk Soul , Electropop , Electro Hop"
Neil Young,Harvest,1972,310,,RYM,,,
The Kinks,The Kinks Are the Village Green Preservation Society,1968,311,,RYM,,,
Charlie Mingus,Blues & Roots,1960,312,,RYM,,,
Cameron Winter,Heavy Metal,2024,313,444,RYM + AOTY,85,9858,"Singer-Songwriter , Contemporary Folk Chamber Folk , Americana , Soul"
Kraftwerk,Die Mensch-Maschine,1978,314,,RYM,,,
American Football,American Football,1999,315,,RYM,,,
Tool,Ænima,1996,316,234,RYM + AOTY,87,5828,"Alternative Metal , Progressive Metal Post-Metal"
Carissa's Wierd,Songs About Leaving,2002,317,187,RYM + AOTY,88,3530,"Slowcore Indie Folk , Chamber Pop"
Natural Snow Buildings,The Winter Ray,2004,318,109,RYM + AOTY,89,1989,"Drone , Post-Rock , Ambient Field Recordings , Psychedelic Folk , Chamber Music , Radio Broadcast Recordings"
Opeth,Still Life,1999,319,252,RYM + AOTY,87,1793,"Progressive Metal Death Metal , Progressive Rock"
Susumu Hirasawa 平沢進,Kyuusai no gihou 救済の技法,1998,320,,RYM,,,
King Crimson,Absent Lovers: Live in Montreal 1984,1998,321,,RYM,,,
Adrianne Lenker,Live at Revolution Hall,2025,322,,RYM,,,
Iron Maiden,Seventh Son of a Seventh Son,1988,323,475,RYM + AOTY,85,1904,"Heavy Metal Progressive Metal , Power Metal"
Love,Forever Changes,1967,324,,RYM,,,
Modest Mouse,The Moon & Antarctica,2000,325,427,RYM + AOTY,86,3141,"Indie Rock , Art Rock Midwest Emo , Space Rock Revival , Neo-Psychedelia , Post-Rock"
Gorillaz,Plastic Beach,2010,326,199,RYM + AOTY,87,16595,"Art Pop , Electropop Synthpop , Psychedelic Pop , Hip Hop , Alternative Dance"
Miles Davis,Dark Magus,1977,327,,RYM,,,
Led Zeppelin,Led Zeppelin II,1969,328,,RYM,,,
The Smashing Pumpkins,Mellon Collie and the Infinite Sadness,1995,329,293,RYM + AOTY,86,6656,"Alternative Rock , Art Rock Grunge , Alternative Metal , Dream Pop"
Michael Jackson,Off the Wall,1979,330,58,RYM + AOTY,90,11855,"Disco Pop Soul , Funk , Contemporary R&B , Boogie , Dance-Pop"
Glenn Branca,The Ascension,1981,331,,RYM,,,
Gojira,From Mars to Sirius,2005,332,124,RYM + AOTY,88,4425,"Progressive Metal , Progressive Death Metal Groove Metal , Sludge Metal"
Unwound,New Plastic Ideas,1994,333,,RYM,,,
Pharoah Sanders,Love in Us All,1974,334,,RYM,,,
NoMeansNo,Wrong,1989,335,,RYM,,,
"Floating Points ,",Promises,2021,336,,RYM,,,
Gang of Four,Entertainment!,1979,337,,RYM,,,
"Toby ""Radiation"" Fox",UNDERTALE,2015,338,,RYM,,,
Simon and Garfunkel,Bridge Over Troubled Water,1970,339,422,RYM + AOTY,86,3247,"Folk Pop , Singer-Songwriter Folk Rock"
Bob Dylan,"The Bootleg Series Vol. 4: Live 1966 - The ""Royal Albert Hall"" Concert",1998,340,,RYM,,,
King Crimson,The Great Deceiver: Live 1973-1974,1992,341,,RYM,,,
Injury Reserve,By the Time I Get to Phoenix,2021,342,346,RYM + AOTY,86,11866,"Experimental Hip Hop , Glitch Hop , Abstract Hip Hop , Experimental Glitch , Industrial Hip Hop , Sound Collage , Experimental Rock , Neo-Psychedelia"
Iron Maiden,The Number of the Beast,1982,343,,RYM,,,
The Jimi Hendrix Experience,Axis: Bold as Love,1967,344,407,RYM + AOTY,86,4174,"Psychedelic Rock , Blues Rock Hard Rock , Acid Rock"
Natalia Lafourcade,De todas las flores,2022,345,172,RYM + AOTY,88,4407,"Singer-Songwriter , Chamber Folk , Vocal Jazz , Latin Jazz Chamber Jazz , Bolero , Samba-Jazz"
Dead Kennedys,Plastic Surgery Disasters,1982,346,219,RYM + AOTY,87,2678,"Hardcore Punk Anarcho-Punk , Surf Punk"
OutKast,Stankonia,2000,347,151,RYM + AOTY,88,11986,"Southern Hip Hop Experimental Hip Hop , Funk , Pop Rap , Conscious Hip Hop , Dirty South"
Boris,Pink,2005,348,283,RYM + AOTY,87,4837,"Noise Rock , Stoner Metal Sludge Metal , Stoner Rock , Post-Metal , Heavy Psych"
Erykah Badu,Mama's Gun,2000,349,130,RYM + AOTY,88,4676,"Neo-Soul , Contemporary R&B Soul Jazz , Psychedelic Soul , Funk , Progressive Soul"
John Coltrane,Ascension [Edition I],1966,350,,RYM,,,
Genesis,Foxtrot,1972,351,,RYM,,,
Coil,The Ape of Naples,2005,352,,RYM,,,
The Doors,Strange Days,1967,353,,RYM,,,
Lil Ugly Mane,Mista Thug Isolation,2012,354,459,RYM + AOTY,85,5500,"Memphis Rap , Southern Hip Hop Horrorcore , Experimental Hip Hop , Cloud Rap , Chopped and Screwed , Gangsta Rap"
Siouxsie and The Banshees,Juju,1981,355,,RYM,,,
Three-6 Mafia,Mystic Stylez,1995,356,483,RYM + AOTY,85,2996,"Memphis Rap , Horrorcore , Southern Hip Hop Gangsta Rap"
Dissection,Storm of the Light's Bane,1995,357,,RYM,,,
Serú Girán,Grasa de las capitales,1979,358,462,RYM + AOTY,86,869,"Progressive Rock , Jazz-Rock Jazz Fusion , Progressive Pop , Symphonic Prog , Art Rock"
Opeth,Ghost Reveries,2005,359,191,RYM + AOTY,88,1997,"Progressive Metal Death Metal , Progressive Rock , Symphonic Prog"
Nina Simone,Wild Is the Wind,1966,360,212,RYM + AOTY,88,2053,"Vocal Jazz , Soul Soul Jazz , Rhythm and Blues"
Alice in Chains,MTV Unplugged,1996,361,,RYM,,,
My Chemical Romance,The Black Parade,2006,362,119,RYM + AOTY,88,15154,"Rock Opera , Alternative Rock , Pop Punk Glam Rock , Dark Cabaret , Emo-Pop , Art Rock"
Kyuss,Kyuss [Welcome to Sky Valley],1994,363,,RYM,,,
Sade,Promise,1985,364,180,RYM + AOTY,88,4062,"Sophisti-Pop , Smooth Soul Smooth Jazz , Jazz Pop"
King Gizzard and The Lizard Wizard,Nonagon Infinity,2016,365,399,RYM + AOTY,86,5950,"Garage Rock , Psychedelic Rock Progressive Rock , Heavy Psych , Krautrock , Math Rock"
Bruce Springsteen,Born to Run,1975,366,457,RYM + AOTY,85,3358,"Heartland Rock Singer-Songwriter , Piano Rock"
Julee Cruise,Floating Into the Night,1989,367,341,RYM + AOTY,86,2713,"Sophisti-Pop , Dream Pop , Ambient Pop Ethereal Wave , Lounge , Dark Jazz"
Rush,Moving Pictures,1981,368,,RYM,,,
Lil Ugly Mane,Volcanic Bird Enemy and the Voiced Concern,2021,369,296,RYM + AOTY,86,6429,"Neo-Psychedelia , Hypnagogic Pop , Trip Hop Sampledelia , Dream Pop , Shoegaze , Indie Pop"
Swans,The Great Annihilator,1995,370,460,RYM + AOTY,85,4533,"Gothic Rock , Post-Punk , Experimental Rock Ethereal Wave , Industrial Rock , Neofolk , Noise Rock"
Mastodon,Crack the Skye,2009,371,210,RYM + AOTY,88,2176,"Progressive Metal Stoner Metal , Sludge Metal , Heavy Psych"
Dinosaur,You're Living All Over Me,1987,372,,RYM,,,
The Wailers,Exodus,1977,373,,RYM,,,
Public Enemy,It Takes a Nation of Millions to Hold Us Back,1988,374,301,RYM + AOTY,86,5178,"Hardcore Hip Hop , East Coast Hip Hop , Conscious Hip Hop , Political Hip Hop Turntablism , Experimental Hip Hop"
Gorguts,Obscura,1998,375,,RYM,,,
Vangelis,Blade Runner,1994,376,,RYM,,,
Bob Dylan,The Bootleg Series Vol. 5: Live 1975 - The Rolling Thunder Revue,2002,377,,RYM,,,
Bruce Springsteen /,"Hammersmith Odeon, London '75",2006,378,,RYM,,,
Danger Mouse &,Cheat Codes,2022,379,,RYM,,,
Gil Scott-Heron,Pieces of a Man,1971,380,225,RYM + AOTY,88,2053,"Progressive Soul Jazz-Funk , Soul Jazz"
Electric Masada,At the Mountains of Madness,2005,381,,RYM,,,
Car Seat Headrest,Teens of Denial,2016,382,198,RYM + AOTY,87,8175,"Indie Rock Garage Rock Revival , Power Pop , Art Rock"
Death,Individual Thought Patterns,1993,383,415,RYM + AOTY,86,2134,"Technical Death Metal Progressive Metal , Progressive Death Metal"
Johnny Cash,At Folsom Prison,1968,384,,RYM,,,
Mahavishnu Orchestra,The Inner Mounting Flame,1971,385,,RYM,,,
Frédéric Chopin /,The Nocturnes,1967,386,,RYM,,,
Sun Ra,Lanquidity,1978,387,,RYM,,,
Wolfgang Amadeus Mozart /,Requiem,1971,388,,RYM,,,
The Velvet Underground,The Complete Matrix Tapes,2015,389,,RYM,,,
Sufjan Stevens,Javelin,2023,390,277,RYM + AOTY,87,8815,"Indie Folk , Chamber Folk , Singer-Songwriter Folktronica"
Immolation,Close to a World Below,2000,391,,RYM,,,
This Heat,Deceit,1981,392,,RYM,,,
Built to Spill,Keep It Like a Secret,1999,393,,RYM,,,
Beastie Boys,Paul's Boutique,1989,394,,RYM,,,
Billy Woods,Aethiopes,2022,395,,RYM,,,
The John Coltrane Quartet,Africa / Brass,1961,396,,RYM,,,
Tears for Fears,Songs From the Big Chair,1985,397,,RYM,,,
Bob Dylan,The Freewheelin' Bob Dylan,1963,398,,RYM,,,
Kraftwerk,Trans Europa Express,1977,399,,RYM,,,
Miles Davis,On the Corner,1972,400,,RYM,,,
La Máquina de Hacer Pájaros,Películas,1977,401,417,RYM + AOTY,87,701,"Progressive Rock , Jazz-Rock Symphonic Prog , Jazz Fusion"
Igor Stravinsky /,Le sacre du printemps,1958,402,,RYM,,,
The Mars Volta,Frances the Mute,2005,403,195,RYM + AOTY,88,3498,"Progressive Rock , Experimental Rock , Art Rock Latin Rock , Post-Hardcore , Avant-Prog , Psychedelic Rock"
Mid-Air Thief 공중도둑,Crumbling 무너지기,2018,404,,RYM,,,
The Microphones,Microphones in 2020,2020,405,429,RYM + AOTY,86,2928,"Indie Folk , Singer-Songwriter , Avant-Folk Progressive Folk , Psychedelic Folk , Drone , Slowcore"
Ornette Coleman,The Shape of Jazz to Come,1959,406,,RYM,,,
Pixies,Surfer Rosa,1988,407,,RYM,,,
C418,Minecraft: Volume Beta,2013,408,,RYM,,,
Beach House,Bloom,2012,409,204,RYM + AOTY,87,8564,"Dream Pop , Indie Pop Ethereal Wave , Neo-Psychedelia"
Wire,Pink Flag,1977,410,,RYM,,,
Deftones,Koi no yokan,2012,411,354,RYM + AOTY,86,7997,"Alternative Metal Shoegaze , Post-Metal , Dream Pop , Alternative Rock"
Boredoms,Vision Creation Newsun,1999,412,421,RYM + AOTY,86,1578,"Neo-Psychedelia , Experimental Rock , Krautrock , Space Rock Revival Post-Rock"
Willie Colón,Lo mato,1973,413,,RYM,,,
SOPHIE,Oil of Every Pearl's Un-Insides,2018,414,352,RYM + AOTY,86,11458,"Bubblegum Bass , Deconstructed Club Art Pop , Glitch Pop , Wonky , Post-Industrial , Ambient"
The Chameleons,Script of the Bridge,1983,415,,RYM,,,
The Kinks,Arthur or the Decline and Fall of the British Empire,1969,416,,RYM,,,
Acid Bath,When the Kite String Pops,1994,417,363,RYM + AOTY,86,3474,"Sludge Metal Stoner Metal , Doom Metal , Southern Metal"
Boris,"Performing ""Flood""",2013,418,,RYM,,,
Prince and The Revolution,Prince and the Revolution: Live,2020,419,,RYM,,,
Burzum,Filosofem,1996,420,,RYM,,,
Tom Waits,Bone Machine,1992,421,,RYM,,,
Fela Kuti /,Roforofo Fight,1972,422,,RYM,,,
Racionais MC's,Sobrevivendo no inferno,1997,423,132,RYM + AOTY,89,1990,"Conscious Hip Hop , Boom Bap , Hardcore Hip Hop Gangsta Rap , Political Hip Hop , G-Funk"
Travis Scott,Rodeo,2015,424,257,RYM + AOTY,87,26007,"Trap , Southern Hip Hop Cloud Rap , Experimental Hip Hop , Pop Rap , Alternative R&B , Neo-Psychedelia"
The Rolling Stones,Exile on Main St.,1972,425,,RYM,,,
Adrianne Lenker,Songs,2020,426,319,RYM + AOTY,86,6508,"Singer-Songwriter , Contemporary Folk Indie Folk"
Fugazi,The Argument,2001,427,,RYM,,,
Johann Sebastian Bach /,The End of Evangelion,1997,428,,RYM,,,
British Sea Power,Disco Elysium,2019,429,,RYM,,,
Los Jaivas,Los Jaivas [El indio],1975,430,478,RYM + AOTY,87,505,"Rock Andino , Progressive Rock Psychedelic Rock , Symphonic Prog , Progressive Folk"
The Dismemberment Plan,Emergency & I,1999,431,,RYM,,,
Nick Cave & The Bad Seeds,Let Love In,1994,432,,RYM,,,
Eno,Here Come the Warm Jets,1974,433,,RYM,,,
Willie Colón &,Vigilante,1983,434,,RYM,,,
Townes Van Zandt,"Live at The Old Quarter, Houston, Texas",1977,435,,RYM,,,
Soda Stereo,Comfort y música para volar,1996,436,,RYM,,,
The Brave Little Abacus,Just Got Back From the Discomfort - We're Alright,2010,437,476,RYM + AOTY,85,3716,"Midwest Emo , Experimental Rock Math Rock , Post-Hardcore , Art Rock"
Wire,154,1979,438,,RYM,,,
Midori ミドリ,"Aratamemashite, hajimemashite, Midori desu. あらためまして、はじめまして、ミドリです。",2008,439,,RYM,,,
Darkthrone,A Blaze in the Northern Sky,1992,440,,RYM,,,
Elliott Smith,Figure 8,2000,441,259,RYM + AOTY,87,3678,"Singer-Songwriter , Indie Pop Indie Rock , Chamber Pop , Indie Folk"
My Chemical Romance,Three Cheers for Sweet Revenge,2004,442,223,RYM + AOTY,87,10650,"Post-Hardcore , Emo-Pop , Pop Punk Mall Screamo , Melodic Hardcore"
Swans,White Light From the Mouth of Infinity,1991,443,,RYM,,,
Grouper,A I A: Alien Observer,2011,444,,RYM,,,
Death,Leprosy,1988,445,,RYM,,,
Weezer,Pinkerton,1996,446,,RYM,,,
Grateful Dead,"Sunshine Daydream: Veneta, Oregon, August 27, 1972",2013,447,,RYM,,,
Queens of the Stone Age,...Like Clockwork,2013,448,108,RYM + AOTY,89,7977,"Alternative Rock Art Rock , Stoner Rock , Hard Rock"
Steve Reich /,Music for 18 Musicians,1998,449,,RYM,,,
Pharoah Sanders,Black Unity,1972,450,,RYM,,,
Drive Like Jehu,Yank Crime,1994,451,,RYM,,,
Clipse,Hell Hath No Fury,2006,452,380,RYM + AOTY,86,5971,"Gangsta Rap , Southern Hip Hop Experimental Hip Hop"
John Coltrane,Olé Coltrane,1961,453,,RYM,,,
Toby Fox,DELTARUNE: Chapters 3+4,2025,454,,RYM,,,
Genesis,The Lamb Lies Down on Broadway,1974,455,,RYM,,,
Ludwig van Beethoven /,A Charlie Brown Christmas,1965,456,,RYM,,,
Gris,Il était une forêt...,2007,457,161,RYM + AOTY,89,1136,"Depressive Black Metal , Atmospheric Black Metal Dark Folk , Chamber Music"
Sigur Rós,( ),2002,458,351,RYM + AOTY,86,2696,"Post-Rock , Ambient Pop Ambient , Dream Pop"
The Dave Brubeck Quartet,Time Out,1959,459,,RYM,,,
Sly & The Family Stone,There's a Riot Goin' On,1971,460,,RYM,,,
Steely Dan,The Royal Scam,1976,461,,RYM,,,
Art Blakey & The Jazz Messengers,Free for All,1965,462,,RYM,,,
Bolt Thrower,Those Once Loyal,2005,463,,RYM,,,
Patti Smith,Horses,1975,464,480,RYM + AOTY,85,3956,"Proto-Punk , Art Rock , Singer-Songwriter Garage Rock , Poetry , Glam Rock , Glam Punk"
Van Morrison,Astral Weeks,1968,465,,RYM,,,
Emperor,In the Nightside Eclipse,1994,466,,RYM,,,
Weakling,Dead as Dreams,2000,467,,RYM,,,
Jorge Ben,África Brasil,1976,468,,RYM,,,
Rolling Stones,Let It Bleed,1969,469,,RYM,,,
Common,Be,2005,470,83,RYM + AOTY,89,9545,"Conscious Hip Hop Jazz Rap , Chipmunk Soul , Neo-Soul"
Emperor,Anthems to the Welkin at Dusk,1997,471,,RYM,,,
Pyotr Tchaikovsky Пётр Чайковский /,Swan Lake,1976,472,,RYM,,,
Arvo Pärt,Tabula rasa,1984,473,,RYM,,,
"Black Country, New Road",For the First Time,2021,474,481,RYM + AOTY,85,13234,"Experimental Rock , Post-Punk , Post-Rock Art Punk , Klezmer , Art Rock , Jazz-Rock"
Tom Waits,Swordfishtrombones,1983,475,,RYM,,,
Lift to Experience,The Texas-Jerusalem Crossroads,2001,476,221,RYM + AOTY,87,2924,"Post-Rock , Shoegaze , Christian Rock Indie Rock , Space Rock Revival , Rock Opera , Xian Psych"
Neil Young &,Live Rust,1979,477,,RYM,,,
Swans,Deliquescence,2017,478,,RYM,,,
Lou Reed,Transformer,1972,479,,RYM,,,
Mach-Hommy,The Gospel According To...,2017,480,,RYM,,,
Grateful Dead,Cornell 5/8/77,2017,481,,RYM,,,
black midi,Schlagenheim,2019,482,,RYM,,,
Agalloch,Ashes Against the Grain,2006,483,367,RYM + AOTY,86,1595,"Post-Metal , Atmospheric Black Metal Progressive Metal , Post-Rock , Dark Folk"
Steely Dan,Can't Buy a Thrill,1972,484,,RYM,,,
Deltron 3030,Deltron 3030,2000,485,203,RYM + AOTY,88,4264,"Abstract Hip Hop , West Coast Hip Hop , Experimental Hip Hop Conscious Hip Hop , Turntablism , Boom Bap"
Kraftwerk,Computerwelt,1981,486,,RYM,,,
Raekwon,Only Built 4 Cuban Linx...,1995,487,182,RYM + AOTY,88,3889,"East Coast Hip Hop , Boom Bap , Gangsta Rap Hardcore Hip Hop"
David Kauffman &,Songs From Suicide Bridge,1984,488,,RYM,,,
Silvio Rodríguez,"""Al final de este viaje...""",1978,489,,RYM,,,
Iron Maiden,Live After Death,1985,490,,RYM,,,
Number Girl,Sapporo Omoide in My Head Jōtai サッポロ Omoide in My Head 状態,2003,491,,RYM,,,
Brian Eno,Before and After Science,1977,492,,RYM,,,
Deftones,Around the Fur,1997,493,,RYM,,,
Kendrick Lamar,Mr. Morale & the Big Steppers,2022,494,245,RYM + AOTY,87,36780,"Conscious Hip Hop , West Coast Hip Hop Neo-Soul , Jazz Rap , Trap , Contemporary R&B , Pop Rap"
Mr. Bungle,California,1999,495,469,RYM + AOTY,85,2367,"Experimental Rock , Art Rock Doo-Wop , Jazz-Rock , Avant-Garde Metal , Surf Rock , Pop Rock"
Iron Maiden,Somewhere in Time,1986,496,,RYM,,,
Soundgarden,Superunknown,1994,497,297,RYM + AOTY,86,5687,"Grunge , Alternative Rock Alternative Metal , Hard Rock , Stoner Rock , Psychedelic Rock"
Organized Konfusion,Stress: The Extinction Agenda,1994,498,353,RYM + AOTY,87,1449,"Jazz Rap , Boom Bap , East Coast Hip Hop , Conscious Hip Hop Hardcore Hip Hop , Abstract Hip Hop"
Fiona Apple,The Idler Wheel Is Wiser Than the Driver of the Screw and Whipping Cords Will Serve You More Than Ropes Will Ever Do,2012,499,207,RYM + AOTY,87,6315,"Singer-Songwriter , Art Pop Dark Cabaret , Piano Rock , Jazz Pop , Chamber Pop"
Robbie Basho,Visions of the Country,1978,500,,RYM,,,
Rainbow,Rising,1976,501,,RYM,,,
Charles Mingus,Mingus Mingus Mingus Mingus Mingus,1964,502,,RYM,,,
Aphex Twin,Richard D. James Album,1996,503,,RYM,,,
Orchid,Dance Tonight! Revolution Tomorrow!,2000,504,,RYM,,,
Antonín Dvořák /,Symphony No. 9 'From the New World',1984,505,,RYM,,,
Fugazi,Repeater,1990,506,,RYM,,,
Keiichi Okabe 岡部啓一 &,NieR:Automata,2017,507,,RYM,,,
Jorge López Ruiz,Bronca Buenos Aires,1971,508,,RYM,,,
The Strokes,The New Abnormal,2020,509,339,RYM + AOTY,86,15868,"Indie Rock New Wave , Post-Punk Revival , Synthpop"
Tim Hecker,Virgins,2013,510,471,RYM + AOTY,85,2764,"Ambient , Electroacoustic Post-Minimalism , Glitch , Noise"
Wipers,Youth of America,1981,511,,RYM,,,
Eric Dolphy,Out to Lunch,1964,512,,RYM,,,
Ween,"Live at Stubb's, 7/2000",2003,513,,RYM,,,
Geese,Getting Killed,2025,514,,RYM,,,
The Who,Who's Next,1971,515,,RYM,,,
Suffocation,Pierced From Within,1995,516,,RYM,,,
Lorien Testard,Clair Obscur: Expedition 33,2025,517,,RYM,,,
The Mothers of Invention,The Roxy Performances,2018,518,,RYM,,,
Yo La Tengo,I Can Hear the Heart Beating as One,1997,519,,RYM,,,
Minutemen,Double Nickels on the Dime,1984,520,,RYM,,,
Nujabes,Metaphorical Music,2003,521,67,RYM + AOTY,90,7110,"Jazz Rap , Instrumental Hip Hop Conscious Hip Hop , Lo-Fi Hip Hop"
Red House Painters,Red House Painters [Rollercoaster],1993,522,,RYM,,,
Patricio Rey y Sus Redonditos de Ricota,Oktubre,1986,523,,RYM,,,
Led Zeppelin,How the West Was Won,2003,524,,RYM,,,
Rush,Hemispheres,1978,525,,RYM,,,
Sun Ra and His Arkestra,Sleeping Beauty,1979,526,,RYM,,,
Los Tres,Unplugged,1996,527,,RYM,,,
Oasis,Knebworth 1996,2021,528,,RYM,,,
Led Zeppelin,Houses of the Holy,1973,529,,RYM,,,
Soda Stereo,Dynamo,1992,530,395,RYM + AOTY,86,2010,"Shoegaze , Alternative Rock Neo-Psychedelia , Dream Pop , Baggy , Alternative Dance , Noise Pop"
Astor Piazzolla and The New Tango Quintet,Tango: Zero Hour / Nuevo Tango: Hora Zero,1986,531,,RYM,,,
Radiohead,Amnesiac,2001,532,,RYM,,,
MF DOOM,Operation: Doomsday,1999,533,,RYM,,,
Exuma,Exuma,1970,534,,RYM,,,
Judas Priest,Unleashed in the East: Live in Japan,1979,535,,RYM,,,
Pulp,Different Class,1995,536,,RYM,,,
Black Star,Mos Def & Talib Kweli Are Black Star,1998,537,246,RYM + AOTY,87,3703,"Boom Bap , Conscious Hip Hop , East Coast Hip Hop Jazz Rap , Neo-Soul , Political Hip Hop"
Shibusashirazu 渋さ知らズ,Shibuboshi 渋星,2004,538,,RYM,,,
Magdalena Bay,Mercurial World,2021,539,,RYM,,,
Otis Redding,Otis Blue: Otis Redding Sings Soul,1965,540,,RYM,,,
Ludwig van Beethoven /,Symphonie Nr.5,1975,541,,RYM,,,
Jeff Rosenstock,"Thanks, Sorry!",2019,542,,RYM,,,
Jeff Buckley,Live at Sin-é: Legacy Edition,2003,543,,RYM,,,
Sade,Diamond Life,1984,544,133,RYM + AOTY,88,5903,"Sophisti-Pop , Smooth Soul Smooth Jazz , Jazz Pop"
The Brave Little Abacus,Masked Dancers: Concern in So Many Things You Forget Where You Are,2009,545,,RYM,,,
Marvin Gaye,Let's Get It On,1973,546,135,RYM + AOTY,88,3944,Smooth Soul Philly Soul
Daughters,You Won't Get What You Want,2018,547,,RYM,,,
Carly Rae Jepsen,E·MO·TION,2015,548,455,RYM + AOTY,85,9055,"Dance-Pop , Synthpop Electropop , Sophisti-Pop"
Broken Social Scene,You Forgot It in People,2002,549,386,RYM + AOTY,86,2835,"Indie Rock , Art Rock Post-Rock , Chamber Pop"
Buena Vista Social Club,Buena Vista Social Club,1997,550,418,RYM + AOTY,86,1849,"Bolero , Afro-Cuban Jazz , Son Cubano Latin Jazz , Guajira , Descarga , Danzón"
Lana Del Rey,Norman Fucking Rockwell!,2019,551,146,RYM + AOTY,88,17145,"Singer-Songwriter , Art Pop , Soft Rock Chamber Pop , Dream Pop , Neo-Psychedelia , Piano Rock"
Jeff Rosenstock,Worry.,2016,552,,RYM,,,
Billy Woods & Kenny Segal,Hiding Places,2019,553,438,RYM + AOTY,85,5148,"Abstract Hip Hop , East Coast Hip Hop Jazz Rap , Conscious Hip Hop , Experimental Hip Hop , Political Hip Hop"
Parliament,Mothership Connection,1975,554,,RYM,,,
Ground-Zero,Consume Red,1997,555,,RYM,,,
Keith Jarrett,Sun Bear Concerts,1978,556,,RYM,,,
King Gizzard & The Lizard Wizard,Live in Chicago '23,2023,557,,RYM,,,
The Smiths,The Smiths,1984,558,,RYM,,,
Sonic Youth,Sister,1987,559,,RYM,,,
Fleet Foxes,Helplessness Blues,2011,560,238,RYM + AOTY,87,4726,"Chamber Folk , Indie Folk Progressive Folk , Chamber Pop , Folk Pop"
Björk,Vespertine Live,2004,561,,RYM,,,
Charli xcx,How I'm Feeling Now,2020,562,,RYM,,,
Morbid Angel,Altars of Madness,1989,563,,RYM,,,
Mario Galaxy Orchestra,Super Mario Galaxy スーパーマリオギャラクシー,2008,564,,RYM,,,
Deafheaven,Lonely People With Power,2025,565,,RYM,,,
Deep Purple,Machine Head,1972,566,,RYM,,,
Bathory,Blood Fire Death,1988,567,,RYM,,,
Sonny Rollins,Saxophone Colossus,1957,568,,RYM,,,
Björk,Debut,1993,569,,RYM,,,
Pusha T,Daytona,2018,570,496,RYM + AOTY,85,17311,"Hardcore Hip Hop , Southern Hip Hop Gangsta Rap , Experimental Hip Hop , Trap"
Stevie Wonder,Talking Book,1972,571,307,RYM + AOTY,86,3525,"Soul , Progressive Soul Funk , Pop Soul"
Neil Young,Tonight's the Night,1975,572,,RYM,,,
Ryota Kozuka 小塚良太,Shin Megami Tensei IV 真・女神転生 IV,2014,573,,RYM,,,
Big L,Lifestylez ov da Poor & Dangerous,1995,574,316,RYM + AOTY,86,3113,"East Coast Hip Hop , Boom Bap , Hardcore Hip Hop Horrorcore , Gangsta Rap , Jazz Rap"
Andrew Prahlow,Outer Wilds,2019,575,,RYM,,,
Daft Punk,Random Access Memories,2013,576,213,RYM + AOTY,87,15277,"Electro-Disco , Nu-Disco Synth Funk , Smooth Soul , Progressive Electronic , Synthpop"
Mastodon,Leviathan,2004,577,472,RYM + AOTY,85,2953,"Progressive Metal , Sludge Metal Thrash Metal"
Ennio Morricone,"Il buono, il brutto, il cattivo",1966,578,,RYM,,,
Flying Lotus,Cosmogramma,2010,579,449,RYM + AOTY,85,5956,"IDM , Wonky , Glitch Hop Nu Jazz , Instrumental Hip Hop"
Johann Sebastian Bach,Matthäus-Passion,1999,580,,RYM,,,
Candy Claws,Ceres & Calypso in the Deep Time,2013,581,396,RYM + AOTY,86,6260,"Dream Pop , Shoegaze , Neo-Psychedelia Psychedelic Pop , Noise Pop , Exotica , Ambient Pop"
The Flaming Lips,The Soft Bulletin,1999,582,,RYM,,,
Sufjan Stevens,The Age of Adz,2010,583,,RYM,,,
Curtis Mayfield,Superfly,1972,584,437,RYM + AOTY,86,1680,"Funk , Chicago Soul , Progressive Soul Psychedelic Soul"
Stars of the Lid,And Their Refinement of the Decline,2007,585,,RYM,,,
Deep Purple,Made in Japan,1972,586,,RYM,,,
Angelo Badalamenti,Twin Peaks: Fire Walk With Me,1992,587,,RYM,,,
Neil Young /,Zuma,1975,588,,RYM,,,
Pyotr Tchaikovsky Пётр Чайковский /,The Nutcracker,2010,589,,RYM,,,
Godspeed You! Black Emperor,Yanqui U.X.O.,2002,590,345,RYM + AOTY,86,3941,"Post-Rock Chamber Music , Drone , Noise Rock"
Candlemass,Epicus Doomicus Metallicus,1986,591,,RYM,,,
Purple Mountains,Purple Mountains,2019,592,,RYM,,,
Antonín Dvořák /,Symphonie No. 9 »Aus der neuen Welt« / Moldau,1985,593,,RYM,,,
Les Rallizes Dénudés,'77 Live,1991,594,,RYM,,,
Seatbelts,Cowboy Bebop,1998,595,,RYM,,,
Dismember,Like an Ever Flowing Stream,1991,596,,RYM,,,
Sam Cooke,"Live at the Harlem Square Club, 1963",1985,597,,RYM,,,
Pharoah Sanders,Deaf Dumb Blind (Summun bukmun umyun),1970,598,,RYM,,,
Prince,1999,1982,599,402,RYM + AOTY,86,3255,"Minneapolis Sound , Synth Funk Synthpop , Dance-Pop , Pop Rock"
Boris,Dronevil -Example-,2025,600,,RYM,,,
Ulver,Bergtatt: Et eeventyr i 5 capitler,1995,601,,RYM,,,
Wire,Chairs Missing,1978,602,,RYM,,,
D'Angelo,Brown Sugar,1995,603,168,RYM + AOTY,88,4721,"Neo-Soul Smooth Soul , Contemporary R&B , Trip Hop , Hip Hop Soul"
Masayoshi Takanaka 高中正義,Seychelles,1976,604,,RYM,,,
Ludwig van Beethoven /,Symphonie No.9,1984,605,,RYM,,,
Miles Davis,The Complete Live at the Plugged Nickel 1965,1995,606,,RYM,,,
advantage Lucy,Fanfare ファンファーレ,1999,607,,RYM,,,
Tatsuro Yamashita 山下達郎,Ride on Time,1980,608,,RYM,,,
Autechre,AE_LYON_070524,2024,609,,RYM,,,
Lamp,For Lovers 恋人へ,2004,610,,RYM,,,
Isis,Panopticon,2004,611,,RYM,,,
Bruce Springsteen /,Live / 1975-85,1986,612,,RYM,,,
Billy Joel,The Stranger,1977,613,158,RYM + AOTY,88,4934,"Piano Rock , Singer-Songwriter , Pop Rock Soft Rock , Pop Soul"
Neurosis,Through Silver in Blood,1996,614,,RYM,,,
"Tyler, The Creator",Call Me If You Get Lost,2021,615,,RYM,,,
Racionais MC's,Nada como um dia após o outro dia,2002,616,249,RYM + AOTY,88,1092,"Conscious Hip Hop , Hardcore Hip Hop Boom Bap , Spoken Word , G-Funk"
Clipse,Let God Sort Em Out,2025,617,209,RYM + AOTY,87,28978,"Gangsta Rap , Southern Hip Hop Hardcore Hip Hop"
Jessie Ware,What's Your Pleasure?,2020,618,381,RYM + AOTY,86,7260,"Dance-Pop , Disco Synthpop , Synth Funk , Smooth Soul , Nu-Disco"
Mass of the Fermenting Dregs,World Is Yours ワールドイズユアーズ,2009,619,,RYM,,,
Judas Priest,Screaming for Vengeance,1982,620,,RYM,,,
Yuu Miyake 三宅優,"Katamari Damacy ""Katamari Fortissimo Damacy"" 塊魂「塊フォルテッシモ魂」",2004,621,,RYM,,,
Natural Snow Buildings,Shadow Kingdom,2009,622,265,RYM + AOTY,88,619,"Drone , Psychedelic Folk Avant-Folk , Ambient , Free Folk"
,Hydeout Productions 2nd Collection,2007,623,,RYM,,,
JPEGMAFIA,All My Heroes Are Cornballs,2019,624,,RYM,,,
Bob Dylan,Desire,1976,625,,RYM,,,
Deathspell Omega,Paracletus,2010,626,,RYM,,,
Nirvana,Live at the Paramount,2019,627,,RYM,,,
Igor Stravinsky /,Boulez Conducts Stravinsky's Le sacre du printemps,1969,628,,RYM,,,
The Mars Volta,De-Loused in the Comatorium,2003,629,,RYM,,,
Bad Brains,Bad Brains,1982,630,,RYM,,,
Boris,Akuma no uta あくまのうた,2003,631,,RYM,,,
The Misfits,Static Age,1997,632,,RYM,,,
Béla Bartók /,The 6 String Quartets,1997,633,,RYM,,,
Ludwig van Beethoven,IX. Sinfonie; Egmont-Ouverture; Leonore III,1959,634,,RYM,,,
Magma,Rétrospective Vol. 1 & 2,1981,635,,RYM,,,
Metallica,...And Justice for All,1988,636,,RYM,,,
Tim Hecker,Radio Amor,2003,637,,RYM,,,
Songs: Ohia,Ghost Tropic,2000,638,,RYM,,,
Tatsuro Yamashita,Joy: Tatsuro Yamashita Live,1989,639,,RYM,,,
The Flaming Lips,Yoshimi Battles the Pink Robots,2002,640,,RYM,,,
PJ Harvey,To Bring You My Love,1995,641,414,RYM + AOTY,86,2894,"Alternative Rock , Singer-Songwriter Art Rock , Blues Rock , Gothic Rock , Punk Blues"
Johann Sebastian Bach /,Mass in B minor,1985,642,,RYM,,,
Bruce Springsteen,Darkness on the Edge of Town,1978,643,,RYM,,,
Prefab Sprout,Steve McQueen,1985,644,,RYM,,,
Gravediggaz,6 Feet Deep,1994,645,387,RYM + AOTY,86,1798,"Horrorcore , East Coast Hip Hop Boom Bap , Jazz Rap , Experimental Hip Hop"
Parliament,Funkentelechy vs. The Placebo Syndrome,1977,646,,RYM,,,
Patricio Rey y Sus Redonditos de Ricota,Un baión para el ojo idiota,1988,647,,RYM,,,
James Brown,"Love Power Peace: Live at the Olympia, Paris, 1971",1992,648,,RYM,,,
Bob Dylan,The Real Royal Albert Hall 1966 Concert!,2016,649,,RYM,,,
Grateful Dead,"Dick's Picks Volume Twelve: Providence Civic, June 26, 1974 - Boston Garden, June 28, 1974",1998,650,,RYM,,,
Jethro Tull,Aqualung,1971,651,,RYM,,,
Demilich,Nespithe,1993,652,,RYM,,,
Brand New,The Devil and God Are Raging Inside Me,2006,653,236,RYM + AOTY,87,4533,"Emo , Post-Hardcore , Indie Rock Alternative Rock , Art Rock"
Lingua Ignota,Sinner Get Ready,2021,654,323,RYM + AOTY,86,5902,"Avant-Folk , Neoclassical Darkwave Appalachian Folk Music , Neofolk , Chamber Music , Singer-Songwriter , Drone"
John Lennon /,John Lennon / Plastic Ono Band,1970,655,,RYM,,,
Kate Bush,Never for Ever,1980,656,,RYM,,,
Wings,Band on the Run,1973,657,,RYM,,,
John Fahey,Fare Forward Voyagers (Soldier's Choice),1973,658,,RYM,,,
betcover!!,Gabyō 画鋲,2023,659,,RYM,,,
New Order,"Power, Corruption & Lies",1983,660,,RYM,,,
FKA twigs,Magdalene,2019,661,258,RYM + AOTY,87,11103,"Art Pop , Glitch Pop Deconstructed Club , Alternative R&B , Ambient Pop"
Agalloch,The Mantle,2002,662,406,RYM + AOTY,86,2137,"Post-Metal , Dark Folk , Folk Metal Atmospheric Black Metal , Post-Rock , Neofolk"
"Keiichi Okabe 岡部啓一 ,",NieR Gestalt & RepliCant,2010,663,,RYM,,,
Red House Painters,Down Colorful Hill,1992,664,,RYM,,,
Casiopea,Casiopea,1979,665,,RYM,,,
Philip Glass,Glassworks,1982,666,,RYM,,,
Van der Graaf Generator,Pawn Hearts,1971,667,,RYM,,,
Stereolab,Cobra and Phases Group Play Voltage in the Milky Night,1999,668,,RYM,,,
Natalia Lafourcade,Natalia Lafourcade Live at Carnegie Hall,2024,669,,RYM,,,
Johann Sebastian Bach /,L'art de la fugue,1978,670,,RYM,,,
Hüsker Dü,Zen Arcade,1984,671,,RYM,,,
Santana,Abraxas,1970,672,,RYM,,,
Suffocation,Effigy of the Forgotten,1991,673,,RYM,,,
Immortal,At the Heart of Winter,1999,674,,RYM,,,
Tatsuro Yamashita,For You,1982,675,,RYM,,,
Ludwig van Beethoven /,Symphonie Nr. 5,1962,676,,RYM,,,
JPEGMAFIA,Veteran,2018,677,,RYM,,,
R.E.M.,Murmur,1983,678,,RYM,,,
King Crimson,The Nightwatch: Live at the Amsterdam Concertgebouw November 23rd 1973,1997,679,,RYM,,,
Portishead,Portishead,1997,680,,RYM,,,
Van Morrison,Moondance,1970,681,,RYM,,,
Billy Woods & Kenny Segal,Maps,2023,682,,RYM,,,
Herbie Hancock,Sextant,1973,683,,RYM,,,
Igor Stravinsky /,Stravinsky Conducts Stravinsky: Petrushka; Le sacre du printemps,1988,684,,RYM,,,
Pig Destroyer,Terrifyer,2004,685,,RYM,,,
Miles Davis,Agharta,1975,686,,RYM,,,
Fela Kuti &,Sorrow Tears and Blood,1977,687,,RYM,,,
Songs: Ohia,Didn't It Rain,2002,688,,RYM,,,
Ryuichi Sakamoto 坂本龍一,1996,1996,689,,RYM,,,
Johann Sebastian Bach /,The Goldberg Variations,1982,690,,RYM,,,
Denzel Curry,Melt My Eyez See Your Future,2022,691,285,RYM + AOTY,86,21900,"Conscious Hip Hop , Southern Hip Hop Trap , Boom Bap , Jazz Rap , Neo-Soul"
Godspeed You! Black Emperor,"""No Title as of 13 February 2024 28,340 Dead""",2024,692,383,RYM + AOTY,86,7078,"Post-Rock Drone , Chamber Music"
Slayer,Seasons in the Abyss,1990,693,,RYM,,,
Candlemass,Nightfall,1987,694,,RYM,,,
Renaissance,Scheherazade and Other Stories,1975,695,,RYM,,,
Neil Young /,Live at the Fillmore East,2006,696,,RYM,,,
Kero Kero Bonito,Time 'n' Place,2018,697,,RYM,,,
Oneohtrix Point Never,Replica,2011,698,,RYM,,,
Low,I Could Live in Hope,1994,699,,RYM,,,
honeydip,Another Sunny Day,2000,700,499,RYM + AOTY,86,1372,"Shoegaze , Space Rock Revival Post-Rock , Dream Pop , Noise Pop"
Willie Colón & Rubén Blades,Siembra,1978,701,,RYM,,,
Hesse Kassel,Morir saltando,2026,702,,RYM,,,
Xiu Xiu,A Promise,2003,703,,RYM,,,
The Replacements,Let It Be,1984,704,,RYM,,,
Imogen Heap,Speak for Yourself,2005,705,336,RYM + AOTY,86,5130,"Indietronica , Art Pop Electropop , Glitch Pop , Folktronica"
Joanna Newsom,Divers,2015,706,411,RYM + AOTY,86,1567,"Chamber Folk , Singer-Songwriter Baroque Pop , Progressive Folk"
Héctor Lavoe,Comedia,1978,707,,RYM,,,
Townes Van Zandt,Rear View Mirror,1993,708,,RYM,,,
Luis Alberto Spinetta,Spinetta y las bandas eternas,2010,709,,RYM,,,
Songs: Ohia,Live: Vanquishers,2022,710,,RYM,,,
Big Black,Atomizer,1986,711,,RYM,,,
Steve Roach,Structures From Silence,1984,712,,RYM,,,
Joni Mitchell,Court and Spark,1974,713,358,RYM + AOTY,86,2144,"Singer-Songwriter , Folk Pop Soft Rock , Jazz Pop"
Pyotr Tchaikovsky Пётр Чайковский /,The Nutcracker,1998,714,,RYM,,,
Warning,Watching From a Distance: Live at Roadburn,2021,715,,RYM,,,
Amy Winehouse,Back to Black,2006,716,243,RYM + AOTY,87,8122,"Pop Soul , Rhythm and Blues , Soul Neo-Soul , Brill Building , Jazz Pop , Blue-Eyed Soul , Contemporary R&B"
Deep Purple,Deep Purple in Rock,1970,717,,RYM,,,
Gal Costa,Gal Costa,1969,718,376,RYM + AOTY,86,1529,"Psychedelic Pop , Tropicália , MPB Psychedelic Rock , Baroque Pop , Chamber Pop , Samba-Rock"
Tiro de Gracia,Ser hümano!!,1997,719,,RYM,,,
Scott Engel,Scott 4,1969,720,,RYM,,,
Tim Hecker,Harmony in Ultraviolet,2006,721,,RYM,,,
Sepultura,Arise,1991,722,,RYM,,,
Animal Collective,Strawberry Jam,2007,723,,RYM,,,
Death Grips,N---as on the Moon,2014,724,,RYM,,,
Cap'n Jazz,"Burritos, Inspiration Point, Fork Balloon Sports, Cards in the Spokes, Automatic Biographies, Kites, Kung Fu, Trophies, Banana Peels We've Slipped On and Egg Shells We've Tippy Toed Over",1995,725,,RYM,,,
Wayne Shorter,Speak No Evil,1966,726,,RYM,,,
John Fahey,The Great Santa Barbara Oil Slick,2004,727,,RYM,,,
"Keith Jarrett, Gary Peacock & Jack DeJohnette",At the Blue Note: The Complete Recordings,1995,728,,RYM,,,
The Doors,L.A. Woman,1971,729,,RYM,,,
Jay-Z,Reasonable Doubt,1996,730,,RYM,,,
The Mothers of Invention,One Size Fits All,1975,731,,RYM,,,
Cannonball Adderley,Somethin' Else,1958,732,,RYM,,,
Arthur Verocai,Arthur Verocai,1972,733,408,RYM + AOTY,86,1623,"MPB , Psychedelic Pop , Bossa Nova , Jazz Fusion Samba-Jazz , Baroque Pop"
John Coltrane,Meditations,1966,734,,RYM,,,
Immolation,Unholy Cult,2002,735,,RYM,,,
John Coltrane,Ascension [Edition II],1966,736,,RYM,,,
Mac Miller,Circles,2020,737,286,RYM + AOTY,86,15317,"Neo-Soul Singer-Songwriter , Pop Rap , Alternative R&B , Art Pop"
Yo La Tengo,And Then Nothing Turned Itself Inside-Out,2000,738,,RYM,,,
Soft Machine,Third,1970,739,,RYM,,,
Cindy Lee,Diamond Jubilee,2024,740,,RYM,,,
Igor Stravinsky /,Stravinsky Conducts Le sacre du printemps,1961,741,,RYM,,,
Magome Togoshi 戸越まごめ /,Clannad クラナド,2004,742,,RYM,,,
Miles Davis,The Cellar Door Sessions 1970,2005,743,,RYM,,,
Jay-Z,The Blueprint,2001,744,190,RYM + AOTY,88,9559,"East Coast Hip Hop , Chipmunk Soul Pop Rap , Hardcore Hip Hop , Gangsta Rap"
Sepultura,Beneath the Remains,1989,745,,RYM,,,
Sly & The Family Stone,Stand!,1969,746,,RYM,,,
Siouxsie & The Banshees,Tinderbox,1986,747,,RYM,,,
Pink Floyd,The Dark Side of the Moon Live 1974,2023,748,,RYM,,,
Frédéric Chopin /,4 Balladen; Barcarolle; Fantasie,1988,749,,RYM,,,
Ground-Zero,Revolutionary Pekinese Opera 革命京劇,1996,750,,RYM,,,
John Coltrane,Sun Ship,1971,751,,RYM,,,
La Máquina de Hacer Pájaros,La Máquina de Hacer Pájaros,1976,752,,RYM,,,
The Cure,The Head on the Door,1985,753,,RYM,,,
Yes,The Yes Album,1971,754,,RYM,,,
Brian Eno with Daniel Lanois & Roger Eno,Apollo: Atmospheres & Soundtracks,1983,755,405,RYM + AOTY,86,2189,Space Ambient Dark Ambient
Ramones,It's Alive,1979,756,,RYM,,,
The Sonny Criss Orchestra,Sonny's Dream (Birth of the New Cool),1968,757,,RYM,,,
R.E.M.,Automatic for the People,1992,758,,RYM,,,
Edge of Sanity,Crimson,1996,759,,RYM,,,
Silver Jews,The Natural Bridge,1996,760,,RYM,,,
Aretha Franklin,Lady Soul,1968,761,,RYM,,,
Corea,Los peores 7 peores km de mi vida,2004,762,,RYM,,,
Crowbar,Sonic Excess in Its Purest Form,2001,763,,RYM,,,
Shoji Meguro 目黒将司,Persona4,2008,764,,RYM,,,
PJ Harvey,"Stories From the City, Stories From the Sea",2000,765,,RYM,,,
Milton Nascimento,Milagre dos peixes,1973,766,425,RYM + AOTY,87,804,"Avant-Folk , MPB Psychedelic Folk , Spiritual Jazz , Jazz Fusion"
Frank Zappa,Apostrophe ('),1974,767,,RYM,,,
Supertramp,Breakfast in America,1979,768,,RYM,,,
Opeth,Damnation,2003,769,,RYM,,,
Grateful Dead,Fillmore West 1969: The Complete Recordings,2005,770,,RYM,,,
Mitski,Bury Me at Makeout Creek,2014,771,491,RYM + AOTY,85,7842,"Indie Rock , Singer-Songwriter , Slacker Rock Noise Pop , Noise Rock , Indie Pop"
Ninajirachi,I Love My Computer,2025,772,,RYM,,,
Stereolab,Emperor Tomato Ketchup,1996,773,,RYM,,,
Bruce Springsteen,Nebraska,1982,774,,RYM,,,
Digable Planets,Blowout Comb,1994,775,,RYM,,,
Neurosis,Times of Grace,1999,776,,RYM,,,
Howard Shore,The Lord of the Rings: The Fellowship of the Ring,2001,777,,RYM,,,
Queen,Live at the Rainbow '74,2014,778,,RYM,,,
The Replacements,Tim,1985,779,,RYM,,,
Miles Davis,Live-Evil,1971,780,,RYM,,,
Akira Yamaoka,Silent Hill 3,2003,781,,RYM,,,
Cartola,Cartola,1976,782,,RYM,,,
Jeremy Soule,The Elder Scrolls V: Skyrim,2011,783,,RYM,,,
Koji Kondo 近藤浩治,The Legend of Zelda: Ocarina of Time ゼルダの伝説 時のオカリナ,1998,784,,RYM,,,
Sonic Youth,Goo,1990,785,,RYM,,,
Dio,Holy Diver,1983,786,,RYM,,,
Orchid,Chaos Is Me,1999,787,,RYM,,,
Billy Harper Quintet,Love on the Sudan ラヴ・オン・ザ・スーダン,1977,788,,RYM,,,
Ghostface Killah,Supreme Clientele,2000,789,374,RYM + AOTY,86,3497,"Hardcore Hip Hop , East Coast Hip Hop , Abstract Hip Hop Boom Bap"
Bathory,Under the Sign of the Black Mark,1987,790,,RYM,,,
Nobuo Uematsu,Final Fantasy VII ファイナルファンタジーVII,1997,791,,RYM,,,
Mort Garson,Mother Earth's Plantasia,1976,792,,RYM,,,
Gorguts,Colored Sands,2013,793,,RYM,,,
Black Sabbath,Heaven and Hell,1980,794,,RYM,,,
Frank Ocean,Endless,2018,795,,RYM,,,
Unwound,Fake Train,1993,796,,RYM,,,
Silver Jews,American Water,1998,797,,RYM,,,
Townes Van Zandt,Our Mother the Mountain,1969,798,,RYM,,,
Deafheaven,Sunbather,2013,799,303,RYM + AOTY,86,7005,"Blackgaze , Post-Black Metal Post-Rock , Shoegaze , Screamo"
Candy Claws,Two Airships / Exploder Falls,2008,800,,RYM,,,
Henryk Mikołaj Górecki,Symphony No. 3,1992,801,,RYM,,,
Judas Priest,Defenders of the Faith,1984,802,,RYM,,,
Jim O'Rourke,Insignificance,2001,803,,RYM,,,
Ludwig van Beethoven /,Symphonie Nr.7,1976,804,,RYM,,,
Johann Sebastian Bach /,Das wohltemperierte Klavier 1.+2. Teil,1973,805,,RYM,,,
Spiritualized®,Ladies and Gentlemen We Are Floating in Space,1997,806,,RYM,,,
The Cure,Songs of a Lost World,2024,807,,RYM,,,
King Geedorah,Take Me to Your Leader,2003,808,,RYM,,,
Refused,The Shape of Punk to Come,1998,809,295,RYM + AOTY,87,1994,"Post-Hardcore Art Punk , Hardcore Punk , Metalcore"
Tim Hecker,"Ravedeath, 1972",2011,810,,RYM,,,
UGK,Ridin' Dirty,1996,811,,RYM,,,
black midi,Boiler Room London,2019,812,,RYM,,,
Bruce Springsteen &,The Legendary 1979 No Nukes Concerts,2021,813,,RYM,,,
Nico,Desertshore,1970,814,,RYM,,,
Duke Ellington,Duke Ellington's Far East Suite,1967,815,,RYM,,,
Tim Buckley,Dream Letter: Live in London 1968,1990,816,,RYM,,,
Dead Can Dance,Within the Realm of a Dying Sun,1987,817,,RYM,,,
McKinley Dixon,"Magic, Alive!",2025,818,289,RYM + AOTY,86,15203,"Jazz Rap , Conscious Hip Hop , Southern Hip Hop Neo-Soul , Abstract Hip Hop"
Caravan,In the Land of Grey and Pink,1971,819,,RYM,,,
Anri 杏里,Timely!! タイムリー,1983,820,,RYM,,,
Converge,Axe to Fall,2009,821,403,RYM + AOTY,86,1520,"Metalcore Post-Hardcore , Mathcore"
Alice Coltrane,"Ptah, the el Daoud",1970,822,,RYM,,,
Masayoshi Takanaka,The Rainbow Goblins,1981,823,,RYM,,,
Charly García,Piano Bar,1984,824,,RYM,,,
Agustus Pablo,King Tubbys Meets Rockers Uptown,1977,825,,RYM,,,
Steve Reich,Octet; Music for a Large Ensemble; Violin Phase,1980,826,,RYM,,,
T. Rex,Electric Warrior,1971,827,,RYM,,,
Gene Clark,No Other,1974,828,,RYM,,,
De La Soul,Stakes Is High,1996,829,388,RYM + AOTY,86,1387,"East Coast Hip Hop , Conscious Hip Hop Jazz Rap , Boom Bap , Hardcore Hip Hop"
Alfred Schnittke Альфред Шнитке /,Choir Concerto,1994,830,,RYM,,,
Christopher Larkin,Hollow Knight: Silksong,2025,831,,RYM,,,
Johann Sebastian Bach /,"Suites for Violoncello Solo, BWV 1007-1012",1992,832,,RYM,,,
XTC,Skylarking,1986,833,,RYM,,,
Dälek,From Filthy Tongue of Gods and Griots,2002,834,420,RYM + AOTY,86,3370,"Industrial Hip Hop , Abstract Hip Hop , Experimental Hip Hop Noise , Hardcore Hip Hop , Conscious Hip Hop , Boom Bap , Dark Ambient"
Art Blakey & The Jazz Messengers,Mosaic,1962,835,,RYM,,,
Jackson C. Frank,Jackson C. Frank,1965,836,,RYM,,,
Immolation,Here in After,1996,837,,RYM,,,
The Who,Live at Leeds,1970,838,,RYM,,,
Fela Kuti /,Gentleman,1973,839,,RYM,,,
Baden Powell &,Os afro-sambas de Baden e Vinícius,1966,840,,RYM,,,
Eddie Palmieri,Unfinished Masterpiece,1975,841,,RYM,,,
Patricio Rey y Sus Redonditos de Ricota,¡Bang! ¡Bang!!... Estás liquidado,1989,842,,RYM,,,
Fiona Apple,Fetch the Bolt Cutters,2020,843,305,RYM + AOTY,86,11533,"Art Pop , Singer-Songwriter , Progressive Pop Piano Rock , Jazz Pop , Rhythm and Blues , Cabaret , Experimental Rock"
Devon Hendryx,The Ghost~Pop Tape,2013,844,416,RYM + AOTY,85,6757,"Alternative R&B , Art Pop , Ambient Pop Vaporwave , Hypnagogic Pop , Downtempo , Cloud Rap , Experimental Hip Hop"
Ween,Chocolate and Cheese,1994,845,,RYM,,,
The Who,Quadrophenia,1973,846,,RYM,,,
Judas Priest,Stained Class,1978,847,,RYM,,,
Neurosis,Souls at Zero,1992,848,,RYM,,,
Autopsy,Mental Funeral,1991,849,,RYM,,,
Shoji Meguro 目黒将司,Persona5,2017,850,,RYM,,,
Sonny Sharrock,Ask the Ages,1991,851,,RYM,,,
Porter Robinson,Secret Sky 2021,2021,852,,RYM,,,
Parannoul 파란노을,To See the Next Part of the Dream,2021,853,,RYM,,,
Incantation,Diabolical Conquest,1998,854,,RYM,,,
Spinetta,A 18' del sol,1977,855,,RYM,,,
Talk Talk,The Colour of Spring,1986,856,,RYM,,,
OMA &,Luv(sic) Hexalogy (OMA & Shing02 Live at Liquidroom),2024,857,,RYM,,,
Bolt Thrower,The IVth Crusade,1992,858,,RYM,,,
Johann Sebastian Bach /,6 Brandenburgische Konzerte,1982,859,,RYM,,,
Bon Iver,"For Emma, Forever Ago",2007,860,237,RYM + AOTY,87,8498,"Indie Folk , Singer-Songwriter"
Freddie Gibbs & Madlib,Bandana,2019,861,458,RYM + AOTY,85,10659,"Gangsta Rap Jazz Rap , Conscious Hip Hop , Boom Bap"
Paysage d'Hiver,Paysage d'Hiver,1999,862,,RYM,,,
Mercyful Fate,Don't Break the Oath,1984,863,,RYM,,,
Koji Kondo 近藤浩治,The Legend of Zelda: Majora's Mask ゼルダの伝説: ムジュラの仮面,2000,864,,RYM,,,
Rory Gallagher,Irish Tour '74..,1974,865,,RYM,,,
Blood Incantation,Absolute Elsewhere,2024,866,,RYM,,,
The Pharcyde,Bizarre Ride II the Pharcyde,1992,867,,RYM,,,
Converge,All We Love We Leave Behind,2012,868,,RYM,,,
Ichiko Aoba 青葉市子 &,Ichiko Aoba with 12 Ensemble (Live at Milton Court),2023,869,,RYM,,,
Incantation,Onward to Golgotha,1992,870,,RYM,,,
Canserbero,Muerte,2012,871,290,RYM + AOTY,88,859,"Conscious Hip Hop , Hardcore Hip Hop , Latin Rap , Boom Bap Political Hip Hop , Abstract Hip Hop"
Steve Reich /,Music for 18 Musicians,2007,872,,RYM,,,
Giles Corey,Giles Corey,2011,873,248,RYM + AOTY,87,4410,"Slowcore , Singer-Songwriter , Contemporary Folk Avant-Folk , Dark Folk , Dark Ambient"
Iggy Pop,The Idiot,1977,874,,RYM,,,
"Crosby, Stills, Nash & Young",Déjà vu,1970,875,,RYM,,,
David Bowie,Aladdin Sane,1973,876,,RYM,,,
Anna von Hausswolff,Dead Magic,2018,877,,RYM,,,
Jimi Hendrix,Jimi Plays Monterey,1986,878,,RYM,,,
Animal Collective,Feels,2005,879,,RYM,,,
Faith No More,Angel Dust,1992,880,,RYM,,,
Robert Wyatt,Rock Bottom,1974,881,,RYM,,,
Cryptopsy,Blasphemy Made Flesh,1994,882,,RYM,,,
Javiera Mena,Esquemas juveniles,2006,883,,RYM,,,
Richard Wagner,Götterdämmerung,1965,884,,RYM,,,
NEU!,NEU! '75,1975,885,,RYM,,,
David Bowie,Live Nassau Coliseum '76,2017,886,,RYM,,,
Miles Davis,A Tribute to Jack Johnson,1971,887,,RYM,,,
Vektor,Terminal Redux,2016,888,,RYM,,,
De La Soul,Buhloone Mindstate,1993,889,,RYM,,,
Genesis,Archive 1967-75,1998,890,,RYM,,,
Johann Sebastian Bach /,Messe en si,1998,891,,RYM,,,
Richard Wagner /,Tannhäuser,1971,892,,RYM,,,
King Crimson,Meltdown: Live in Mexico,2018,893,,RYM,,,
Kevin Penkin,Made in Abyss 3,2022,894,,RYM,,,
Kendrick Lamar,Damn.,2017,895,466,RYM + AOTY,85,40685,"Conscious Hip Hop , West Coast Hip Hop Pop Rap , Trap , Contemporary R&B , Political Hip Hop"
The Rolling Stones,Beggars Banquet,1968,896,,RYM,,,
Yes,Relayer,1974,897,,RYM,,,
Cannibal Ox,The Cold Vein,2001,898,,RYM,,,
PJ Harvey,Is This Desire?,1998,899,435,RYM + AOTY,86,2062,"Alternative Rock , Downtempo , Singer-Songwriter Trip Hop , Industrial Rock , Art Rock"
Entombed,Left Hand Path,1990,900,,RYM,,,
Mercyful Fate,Melissa,1983,901,,RYM,,,
Ghostface Killah,Ironman,1996,902,,RYM,,,
Komeda Quintet,Astigmatic,1966,903,,RYM,,,
David Wise,Donkey Kong Country 2: Diddy's Kong Quest,1995,904,,RYM,,,
Wolfgang Amadeus Mozart /,Requiem,1987,905,,RYM,,,
Can,Live in Paris 1973,2024,906,,RYM,,,
Astor Piazzolla Conjunto 9,"Música popular contemporánea de la ciudad de Buenos Aires, Vol. 2",1972,907,,RYM,,,
Beach House,Teen Dream,2010,908,440,RYM + AOTY,85,5911,"Dream Pop , Indie Pop Neo-Psychedelia , Ethereal Wave"
Darkthrone,Transilvanian Hunger,1994,909,,RYM,,,
Inanna,Converging Ages,2008,910,,RYM,,,
Pink Floyd,The Piper at the Gates of Dawn,1967,911,,RYM,,,
Slowdive,Just for a Day,1991,912,,RYM,,,
David Bowie,Scary Monsters,1980,913,,RYM,,,
Yasunori Mitsuda,Chrono Trigger クロノ・トリガー,1995,914,,RYM,,,
Grateful Dead,"Dick's Picks Volume Fifteen: Englishtown, NJ, 9/3/77",1999,915,,RYM,,,
Peter Gabriel,Peter Gabriel,1980,916,,RYM,,,
Gospel,The Moon Is a Dead World,2005,917,,RYM,,,
The Congos,Heart of The Congos,1977,918,,RYM,,,
,Hadestown [Original Broadway Cast],2019,919,,RYM,,,
Animal Collective,Merriweather Post Pavilion,2009,920,,RYM,,,
The Roots,Game Theory,2006,921,,RYM,,,
Keith Jarrett,The Köln Concert,1975,922,,RYM,,,
The Horace Silver Quintet,Song for My Father (Cantiga para meu pai),1965,923,,RYM,,,
Ornette Coleman,Science Fiction,1972,924,,RYM,,,
Gaelle,Transient,2004,925,,RYM,,,
Nirvana,Live at Reading,2009,926,,RYM,,,
The Rolling Stones,The Brussels Affair: Live 1973,2011,927,,RYM,,,
Steve Reich /,Music for 18 Musicians,1999,928,,RYM,,,
Geese,3D Country,2023,929,,RYM,,,
George Clanton,Slide,2018,930,,RYM,,,
Boards of Canada,The Campfire Headphase,2005,931,,RYM,,,
Morbid Angel,Covenant,1993,932,,RYM,,,
Snoop Doggy Dogg,Doggystyle,1993,933,,RYM,,,
Sleep,Dopesmoker,2003,934,,RYM,,,
Burzum,Hvis lyset tar oss,1994,935,,RYM,,,
Rush,A Farewell to Kings,1977,936,,RYM,,,
The Newfound Interest in Connecticut,Tell Me About the Long Dark Path Home,2005,937,,RYM,,,
Dissection,The Somberlain,1993,938,,RYM,,,
"The Bulgarian Voices Angelite ,","Fly, Fly My Sadness",1996,939,,RYM,,,
Magma,Magma Live,1975,940,,RYM,,,
Phish,"LivePhish 11: 11.17.97 - McNichols Sports Arena, Denver, Colorado",2002,941,,RYM,,,
Patricio Rey y Sus Redonditos de Ricota,La mosca y la sopa,1991,942,,RYM,,,
Grateful Dead,"Dick's Picks Volume Eight: Harpur College, Binghamton, NY, May 2, 1970",1997,943,,RYM,,,
Nick Cave & The Bad Seeds,The Good Son,1990,944,,RYM,,,
Farazi v Kayra,Hayalet Islığı,2013,945,,RYM,,,
Steely Dan,Gaucho,1980,946,,RYM,,,
Almendra,Almendra,1970,947,,RYM,,,
スティーブ・ハイェット [Steve Hiett],Down on the Road by the Beach 渚にて…,1983,948,,RYM,,,
Demolition Hammer,Epidemic of Violence,1992,949,,RYM,,,
Hum,You'd Prefer an Astronaut,1995,950,,RYM,,,
McCoy Tyner,The Real McCoy,1967,951,,RYM,,,
Natural Snow Buildings,Night Coercion Into the Company of Witches,2008,952,,RYM,,,
Car Seat Headrest,Twin Fantasy,2011,953,,RYM,,,
フィッシュマンズ [Fishmans],Something in the Air 空中キャンプ,1996,954,,RYM,,,
Type O Negative,October Rust,1996,955,,RYM,,,
Atheist,Unquestionable Presence,1991,956,,RYM,,,
Elliott Smith,From a Basement on the Hill,2004,957,,RYM,,,
Hirokazu Tanaka 田中宏和 &,Mother 2: Gyiyg no gyakushu Mother 2: ギーグの逆襲,1994,958,,RYM,,,
Alvvays,Blue Rev,2022,959,,RYM,,,
Coil,Musick to Play in the Dark,1999,960,,RYM,,,
Jim O'Rourke,Eureka,1999,961,,RYM,,,
Ichiko Aoba 青葉市子,15th Anniversary Concert,2026,962,,RYM,,,
Herbie Hancock,Empyrean Isles,1964,963,,RYM,,,
Bill Evans Trio,Waltz for Debby,1962,964,,RYM,,,
Bolt Thrower,...For Victory,1994,965,,RYM,,,
Van der Graaf Generator,Godbluff,1975,966,,RYM,,,
Little Brother,The Minstrel Show,2005,967,235,RYM + AOTY,88,1352,"Southern Hip Hop , Conscious Hip Hop Chipmunk Soul , Contemporary R&B , Boom Bap"
Coil,...And the Ambulance Died in His Arms,2005,968,,RYM,,,
Lee Morgan,Search for the New Land,1966,969,,RYM,,,
The Jazz Composer's Orchestra,The Jazz Composer's Orchestra,1968,970,,RYM,,,
Masafumi Ogata 尾形雅史 /,Sonic the Hedgehog CD 20th Anniversary Edition,2011,971,,RYM,,,
Miles Davis,"Live at the Fillmore East (March 7, 1970): It's About That Time",2001,972,,RYM,,,
Faust,Faust IV,1973,973,,RYM,,,
Miles Davis Quintet,Live in Europe 1967: The Bootleg Series Vol. 1,2011,974,,RYM,,,
Coil,Black Antlers,2004,975,,RYM,,,
Susumu Hirasawa 平沢進,Siren,1996,976,,RYM,,,
Björk,Livebox,2003,977,,RYM,,,
New Order,Low-Life,1985,978,,RYM,,,
Marvin Gaye,I Want You,1976,979,,RYM,,,
Thelonious Monk,Live at the It Club,1982,980,,RYM,,,
Ludwig van Beethoven /,The Late String Quartets,2004,981,,RYM,,,
Creedence Clearwater Revival,Willy and the Poor Boys,1969,982,,RYM,,,
Autopsy,Severed Survival,1989,983,,RYM,,,
Sufjan Stevens,Carrie & Lowell Live,2017,984,,RYM,,,
Neil Young &,Weld,1991,985,,RYM,,,
Jimi Hendrix,Woodstock,1994,986,,RYM,,,
Nirvana,Live and Loud,2019,987,,RYM,,,
Brian Eno,Ambient 1: Music for Airports,1979,988,,RYM,,,
Grant Green,Idle Moments,1965,989,,RYM,,,
Los Jaivas,Alturas de Machu Pichu,1981,990,,RYM,,,
Sunny Day Real Estate,Diary,1994,991,,RYM,,,
Aretha Franklin,I Never Loved a Man the Way I Love You,1967,992,,RYM,,,
Judas Priest,Sad Wings of Destiny,1976,993,,RYM,,,
Opeth,"My Arms, Your Hearse",1998,994,,RYM,,,
Motörhead,No Sleep 'Til Hammersmith,1981,995,,RYM,,,
McCoy Tyner,Enlightenment,1974,996,,RYM,,,
Richard Wagner,Tristan und Isolde (Bayreuth 1966),1966,997,,RYM,,,
Metallica,Kill 'Em All,1983,998,,RYM,,,
Boards of Canada,Inferno,2026,999,,RYM,,,
Title Fight,Floral Green,2012,1000,,RYM,,,
Godspeed You Black Emperor!,Slow Riot for New Zerø Kanada E.P.,1999,,40,AOTY,91,5157,"Post-Rock Chamber Music , Field Recordings , Interview"
Car Seat Headrest,Twin Fantasy (Face to Face),2018,,47,AOTY,90,17459,"Indie Rock Power Pop , Singer-Songwriter , Slacker Rock , Art Rock"
Milton Nascimento & Lô Borges,Clube da Esquina,1972,,53,AOTY,90,5183,"MPB Psychedelic Folk , Contemporary Folk , Baroque Pop , Psychedelic Pop"
JPEGMAFIA,LP! (Offline Version),2021,,69,AOTY,89,18814,"Experimental Hip Hop , Hardcore Hip Hop Cloud Rap , Glitch Hop , Alternative R&B"
Earl Sweatshirt,solace,2015,,76,AOTY,89,8471,"Abstract Hip Hop , Experimental Hip Hop , Drumless Sound Collage , Instrumental Hip Hop , Jazz Rap , Lo-Fi Hip Hop , Cloud Rap"
Death Grips,Exmilitary,2011,,79,AOTY,89,12458,"Industrial Hip Hop , Hardcore Hip Hop , Experimental Hip Hop , Abstract Hip Hop Rap Rock , Glitch Hop"
Lil Ugly Mane,UNEVEN COMPROMISE,2012,,89,AOTY,89,5609,"Experimental Hip Hop , Memphis Rap Horrorcore , Boom Bap , Conscious Hip Hop , Abstract Hip Hop , Southern Hip Hop"
Madonna,Ray of Light,1998,,90,AOTY,89,6980,"Downtempo , Art Pop Trip Hop , Vocal Trance , Ambient Pop"
高中正義 [Masayoshi Takanaka],THE RAINBOW GOBLINS,1981,,115,AOTY,89,2760,"Jazz Fusion , Jazz-Rock Progressive Rock , Fairy Tales , Jazz-Funk"
山下達郎 [Tatsuro Yamashita],For You,1982,,116,AOTY,89,1816,"City Pop Synth Funk , Boogie , Soft Rock"
The Beatles,Sgt. Pepper's Lonely Hearts Club Band,1967,,128,AOTY,88,15636,"Psychedelic Pop , Pop Rock Psychedelic Rock , Baroque Pop , Art Rock , Sunshine Pop , Toytown Pop"
Fishmans,宇宙 日本 世田谷 [Uchu Nippon Setagaya],1997,,139,AOTY,88,4366,"Downtempo , Ambient Pop , Dream Pop Neo-Psychedelia , Dub , Trip Hop"
The Beatles,The Beatles,1968,,145,AOTY,88,12468,"Rock Blues Rock , Hard Rock , Psychedelic Rock , Folk Rock , Art Rock"
Lorde,Melodrama,2017,,154,AOTY,88,17630,"Alt-Pop , Synthpop Electropop , Art Pop , Dance-Pop , Singer-Songwriter"
椎名林檎 [Ringo Sheena],勝訴ストリップ [Winning Strip],2000,,156,AOTY,88,2646,"J-Rock , Noise Pop , Art Pop Progressive Pop , Neo-Psychedelia , Art Rock , Post-Grunge , Chamber Pop"
青葉市子 [Ichiko Aoba],0,2013,,157,AOTY,88,3930,"Singer-Songwriter , Contemporary Folk Field Recordings , Progressive Folk"
The Roots,undun,2011,,160,AOTY,88,3910,"East Coast Hip Hop , Conscious Hip Hop Neo-Soul , Modern Classical , Boom Bap , Progressive Soul"
青葉市子 [Ichiko Aoba],アダンの風 [Windswept Adan],2020,,169,AOTY,88,6751,"Chamber Folk , Singer-Songwriter Nature Recordings , New Age , Ambient"
Willy Rodriguez,wetdream,2023,,170,AOTY,88,4799,"Noise Pop , Indie Rock , Emo Chamber Pop , Post-Rock , Slacker Rock , Art Rock"
Death Grips,The Powers That B,2015,,184,AOTY,88,9938,"Experimental Hip Hop , Noise Rock , Industrial Hip Hop , Glitch Hop Digital Hardcore , Hardcore Hip Hop , Electro-Industrial , Rap Rock , Abstract Hip Hop"
Lupe Fiasco,Lupe Fiasco's Food & Liquor,2006,,188,AOTY,88,4960,"Conscious Hip Hop Pop Rap , Political Hip Hop , Jazz Rap"
Willie Colón & Héctor Lavoe,Vigilante,1983,,189,AOTY,88,1248,"Salsa , Salsa Dura Jazz Fusion , Latin Jazz"
Car Seat Headrest,How To Leave Town,2014,,193,AOTY,88,4573,"Slacker Rock , Indietronica Space Rock Revival , Post-Rock , Neo-Psychedelia , Art Rock"
杏里 [Anri],Timely!!,1983,,197,AOTY,88,3830,"City Pop Synth Funk , Disco , Boogie , Kayōkyoku"
JAŸ-Z,Reasonable Doubt,1996,,206,AOTY,87,7442,"Gangsta Rap , Boom Bap , East Coast Hip Hop Jazz Rap"
Mach-Hommy,The G.A.T... (The Gospel According To...),2017,,211,AOTY,88,2493,"Jazz Rap , Conscious Hip Hop , East Coast Hip Hop Drumless , Abstract Hip Hop , Boom Bap , Hardcore Hip Hop"
平沢進 [Susumu Hirasawa],救済の技法 [Technique of Relief],1998,,241,AOTY,87,1687,"Art Pop , Electronic , Progressive Pop Electro-Industrial , Neoclassical New Age , Orchestral , Futurepop"
Isaac Hayes,Black Moses,1971,,242,AOTY,88,781,"Smooth Soul , Progressive Soul Funk , Psychedelic Soul"
JPEGMAFIA & Danny Brown,SCARING THE HOES,2023,,247,AOTY,87,29055,"Experimental Hip Hop , Hardcore Hip Hop , Glitch Hop Industrial Hip Hop , Jazz Rap , Dariacore"
Tori Amos,From the Choirgirl Hotel,1998,,251,AOTY,87,1661,"Art Pop , Singer-Songwriter Piano Rock , Trip Hop , Alternative Rock , Art Rock"
wowaka,アンハッピーリフレイン [Unhappy Refrain],2011,,253,AOTY,87,1767,"J-Rock , Math Pop Post-Hardcore , Math Rock , Dance-Punk"
Bob Marley & The Wailers,Exodus,1977,,254,AOTY,87,3307,"Roots Reggae Pop Reggae , Lovers Rock"
Paul McCartney & Linda McCartney,Ram,1971,,260,AOTY,87,3962,"Pop Rock , Folk Pop Psychedelic Pop , Progressive Pop , Blues Rock , Art Pop"
Big K.R.I.T.,4eva Is a Mighty Long Time,2017,,261,AOTY,87,4139,"Southern Hip Hop Jazz Rap , Neo-Soul , Trap , Conscious Hip Hop , Pop Rap"
CunninLynguists,A Piece of Strange,2006,,262,AOTY,87,1817,"Conscious Hip Hop , Southern Hip Hop Chipmunk Soul , Jazz Rap , Neo-Soul"
David Kauffman & Eric Caboor,Songs From Suicide Bridge,1984,,266,AOTY,87,1274,"Singer-Songwriter , Contemporary Folk Americana , Psychedelic Folk"
Alice in Chains,Jar of Flies,1994,,268,AOTY,87,7332,"Acoustic Rock , Alternative Rock , Grunge Folk Rock"
Joey Bada$$,1999,2012,,269,AOTY,87,11532,"Boom Bap , East Coast Hip Hop , Jazz Rap Conscious Hip Hop"
Quadeca,I Didn't Mean to Haunt You,2022,,270,AOTY,87,12851,"Folktronica , Art Pop Glitch Pop , Experimental Hip Hop , Neo-Psychedelia , Ambient Pop"
Mac Miller,Faces,2014,,274,AOTY,87,7665,"Jazz Rap , Abstract Hip Hop Cloud Rap , Conscious Hip Hop , Experimental Hip Hop , Neo-Psychedelia"
Erykah Badu,Baduizm,1997,,276,AOTY,87,3293,"Neo-Soul Contemporary R&B , Vocal Jazz , Acid Jazz"
Steve Reich and Musicians,Music for 18 Musicians,1978,,280,AOTY,87,2056,Minimalism
Michael Jackson,Bad,1987,,281,AOTY,87,8806,"Dance-Pop , Contemporary R&B Pop Soul , Synth Funk , New Jack Swing , Pop Rock"
Gojira,The Way of All Flesh,2008,,282,AOTY,87,2249,"Progressive Metal , Progressive Death Metal Groove Metal"
The Velvet Underground & Nico,The Velvet Underground & Nico,1967,,284,AOTY,86,14061,"Art Rock , Experimental Rock Garage Rock , Noise Rock , Proto-Punk , Psychedelic Rock"
Phoebe Bridgers,Punisher,2020,,288,AOTY,86,15269,"Indie Folk , Singer-Songwriter Indie Rock , Chamber Folk , Psychedelic Folk"
JAY-Z,The Black Album,2003,,292,AOTY,87,6078,"East Coast Hip Hop , Gangsta Rap Pop Rap , Hardcore Hip Hop , Rap Rock"
椎名林檎 [Ringo Sheena],加爾基 精液 栗ノ花 [Kalk Samen Chestnut Flower],2003,,298,AOTY,87,2231,"Art Pop , Progressive Pop J-Rock , Chamber Pop , Jazz Pop , Noise Pop , Art Rock"
Björk,Vulnicura,2015,,300,AOTY,86,7085,"Art Pop , Electronic Ambient Pop , Glitch Pop , Chamber Pop , Progressive Pop"
Wilco,Yankee Hotel Foxtrot,2001,,304,AOTY,86,6408,"Indie Rock , Art Rock Americana , Alt-Country"
Myslovitz,Korova Milky Bar,2002,,306,AOTY,88,564,"Alternative Rock , Post-Britpop , Dream Pop Indie Rock , Pop Rock , Space Rock Revival"
Various Artists,The Fire This Time,2002,,308,AOTY,88,783,"Spoken Word , IDM Ambient , Ambient Techno , Field Recordings , Dark Ambient , Interview"
Extremoduro,La ley innata,2008,,309,AOTY,88,575,"Hard Rock , Progressive Rock , Rock Opera Symphonic Rock , Art Rock , Rock Andaluz"
Nina Simone,Nina Simone Sings the Blues,1967,,310,AOTY,87,2203,Soul Blues Rhythm and Blues
God's Pee,'Allelujah! Don't Bend! Ascend!,2012,,312,AOTY,86,4159,"Post-Rock Drone , Noise Rock"
Black Thought & Danger Mouse,Cheat Codes,2022,,315,AOTY,86,10030,"East Coast Hip Hop , Conscious Hip Hop Jazz Rap , Abstract Hip Hop , Boom Bap"
Ethel Cain,Preacher's Daughter,2022,,321,AOTY,86,11053,"Slowcore , Singer-Songwriter , Dream Pop Americana , Post-Rock , Ethereal Wave"
Mac Miller,Swimming,2018,,322,AOTY,86,14930,"Pop Rap , Alternative R&B Jazz Rap , Neo-Soul , Synth Funk"
The Mahavishnu Orchestra with John McLaughlin,The Inner Mounting Flame,1971,,324,AOTY,87,1609,"Jazz-Rock , Jazz Fusion Progressive Rock"
高中正義 [Masayoshi Takanaka],SEYCHELLES,1976,,325,AOTY,86,4395,"Jazz Fusion , City Pop Jazz Pop , Jazz-Funk , Disco , Latin Jazz"
Kamasi Washington,The Epic,2015,,326,AOTY,87,2139,"Spiritual Jazz Jazz Fusion , Post-Bop , Soul Jazz"
Black Kray,CRACK CLOUD$ OVER ARTS KITCHEN,2013,,331,AOTY,86,4128,"Cloud Rap , Experimental Hip Hop , Southern Hip Hop Witch House , Chopped and Screwed , Trap"
Belchior,Alucinação,1976,,332,AOTY,87,895,"MPB , Singer-Songwriter , Folk Rock Contemporary Folk , Blues Rock , Pop Rock"
공중도둑 [Mid-Air Thief],무너지기 [Crumbling],2018,,333,AOTY,86,5385,"Neo-Psychedelia , Folktronica , Psychedelic Pop Psychedelic Folk , Dream Pop , Progressive Pop"
$B K R 4 Y [BL4CKKR4Y],Twerkn 10 Cellph0ne$,2012,,334,AOTY,87,973,"Cloud Rap , Experimental Hip Hop , Southern Hip Hop Witch House , Trap , Chopped and Screwed"
渋さ知らズ [Shibusashirazu],渋星 [Shibuboshi],2004,,340,AOTY,87,860,"Avant-Garde Jazz , Jazz Fusion , Big Band Post-Bop , Free Jazz"
2Pac,Me Against The World,1995,,343,AOTY,86,4676,"West Coast Hip Hop , Conscious Hip Hop Boom Bap , G-Funk , Gangsta Rap"
Kate Bush,The Sensual World,1989,,344,AOTY,86,3103,"Art Pop Sophisti-Pop , Progressive Pop"
Tame Impala,Currents,2015,,348,AOTY,86,23482,"Neo-Psychedelia , Psychedelic Pop , Synthpop Dream Pop , Psychedelic Rock , Alternative R&B , Indietronica"
Fiona Apple,Tidal,1996,,349,AOTY,86,7117,"Singer-Songwriter , Piano Rock Jazz Pop , Art Pop , Chamber Pop"
System of a Down,System of a Down,1998,,350,AOTY,86,8043,"Alternative Metal Avant-Garde Metal , Crossover Thrash , Nu Metal"
きのこ帝国 [Kinoko Teikoku],渦になる [Uzu ni naru],2012,,355,AOTY,87,1352,"Indie Rock , Dream Pop , Shoegaze Post-Rock , J-Rock"
Blu & Exile,Below the Heavens,2007,,356,AOTY,86,2546,"Jazz Rap , West Coast Hip Hop , Conscious Hip Hop , Boom Bap Chipmunk Soul"
Janet Jackson,Rhythm Nation 1814,1989,,357,AOTY,86,2522,"New Jack Swing , Dance-Pop Post-Industrial , Minneapolis Sound , Sophisti-Pop , Pop Soul"
System of a Down,Mezmerize,2005,,360,AOTY,86,6971,"Alternative Metal Avant-Garde Metal , Thrash Metal , Alternative Rock"
Car Seat Headrest,Nervous Young Man,2013,,361,AOTY,86,2475,"Slacker Rock , Singer-Songwriter Noise Pop , Indietronica , Indie Folk"
福居良 [Ryo Fukui],Scenery,1976,,362,AOTY,86,3335,"Hard Bop Cool Jazz , Post-Bop"
Sufjan Stevens,Mystery of Love,2018,,364,AOTY,87,758,"Singer-Songwriter , Indie Folk Chamber Folk , Ambient Pop"
La Dispute,Wildlife,2011,,365,AOTY,86,1800,"Post-Hardcore , Emo Screamo , Poetry"
Big Pun,Capital Punishment,1998,,368,AOTY,86,1788,"East Coast Hip Hop , Gangsta Rap , Boom Bap Hardcore Hip Hop , Pop Rap"
Charles Hamilton,The Pink Lavalamp,2008,,370,AOTY,89,348,"Pop Rap , East Coast Hip Hop Chipmunk Soul , Neo-Soul , Cloud Rap , Boom Bap"
Quadeca,"Vanisher, Horizon Scraper",2025,,371,AOTY,86,18402,"Art Pop , Folktronica Neo-Psychedelia , Experimental Hip Hop , Folk Pop , Chamber Folk , Baroque Pop"
SpaceGhostPurrp,VENENO,2015,,372,AOTY,87,901,"Chopped and Screwed Contemporary R&B , Southern Hip Hop , Gangsta Rap , G-Funk , Vapor"
Labi Siffre,"Crying, Laughing, Loving, Lying",1972,,373,AOTY,86,1816,"Singer-Songwriter , Folk Pop Pop Soul , Chamber Folk"
Beyoncé,Lemonade,2016,,375,AOTY,86,11794,"Contemporary R&B Pop Soul , Alternative R&B , Pop Rap , Art Pop"
Boldy James & Sterling Toles,Manger on McNichols,2020,,379,AOTY,86,3734,"Jazz Rap , Gangsta Rap , Conscious Hip Hop Chamber Jazz , Experimental Hip Hop , Drumless"
Takanaka,BRASILIAN SKIES,1978,,382,AOTY,86,2916,"Jazz Fusion , Samba-Jazz Jazz-Funk , City Pop"
Janelle Monáe,The ArchAndroid,2010,,384,AOTY,86,3340,"Art Pop , Contemporary R&B Psychedelic Soul , Neo-Soul , Funk"
Frou Frou,Details,2002,,385,AOTY,86,2235,"Indietronica , Art Pop , Downtempo Trip Hop , Glitch Pop , Ambient Pop , Chillout"
MASS OF THE FERMENTING DREGS,ワールドイズユアーズ [World Is Yours],2009,,389,AOTY,86,5660,"J-Rock , Post-Hardcore Noise Rock , Post-Punk Revival , Shoegaze"
ROSALÍA,LUX,2025,,390,AOTY,86,15450,"Art Pop , Classical Crossover , Orchestral Flamenco Pop , Singer-Songwriter , Latin Alternative"
Denzel Curry,TA13OO,2018,,391,AOTY,86,18861,"Southern Hip Hop , Trap , Hardcore Hip Hop Trap Metal , Conscious Hip Hop , Pop Rap , Cloud Rap"
Carole King,Tapestry,1971,,392,AOTY,86,3268,"Soft Rock , Singer-Songwriter Folk Pop , Piano Rock"
"Floating Points, Pharoah Sanders & The London Symphony Orchestra",Promises,2021,,393,AOTY,86,5406,"Post-Minimalism , Third Stream Progressive Electronic , Ambient , Minimalism"
万能青年旅店 [Omnipotent Youth Society],冀西南林路行 [Inside The Cable Temple],2020,,394,AOTY,86,1633,"Art Rock , Progressive Rock , Jazz-Rock Folk Rock , Chamber Folk , Acoustic Rock"
Low Roar,0,2014,,400,AOTY,86,1249,"Indie Folk , Post-Rock Folktronica , Dream Pop , Ambient Pop , Art Pop"
Lingua Ignota,CALIGULA,2019,,404,AOTY,86,3821,"Death Industrial , Neoclassical Darkwave Black Noise"
Sigur Rós,Takk...,2005,,409,AOTY,86,2057,"Post-Rock Ambient , Dream Pop , Ambient Pop"
death's dynamic shroud.wmv,失われた時REGRET [Regret When It Was Lost],2014,,410,AOTY,86,1396,"Vaporwave Ambient , Eccojams , Dreampunk , Slushwave"
The Pharcyde,Labcabincalifornia,1995,,413,AOTY,86,1818,"Jazz Rap , West Coast Hip Hop , Boom Bap Conscious Hip Hop , Neo-Soul , Abstract Hip Hop , Turntablism , Funk"
Nas,It Was Written,1996,,423,AOTY,85,6561,"Gangsta Rap , East Coast Hip Hop , Boom Bap Conscious Hip Hop , Jazz Rap"
Chico Science & Nação Zumbi,Da Lama Ao Caos,1994,,424,AOTY,87,663,"Funk Rock , Manguebeat , Maracatu Rap Rock , Alternative Metal , Alternative Dance , Conscious Hip Hop"
Lamp,恋人へ [For Lovers],2004,,428,AOTY,86,3962,"Shibuya-kei , Jazz Pop Sunshine Pop , Bossa Nova , Indie Pop"
ミドリ [Midori],"あらためまして、はじめまして、ミドリです。 [Aratamemashite, hajimemashite, Midori desu.]",2008,,432,AOTY,85,5483,"Art Punk , Jazz-Rock Post-Hardcore , Noise Rock , Experimental Rock"
Madonna,Erotica,1992,,436,AOTY,85,3727,"Contemporary R&B , Dance-Pop New Jack Swing , Deep House , Trip Hop , Diva House , Downtempo"
Robin Callaway,i saw an angel in the mirror,2024,,439,AOTY,86,1628,"Shoegaze , Noise Rock , Emo Post-Rock , Post-Hardcore"
A$AP Rocky,LIVE.LOVE.A$AP,2011,,441,AOTY,85,15752,"Cloud Rap , East Coast Hip Hop Chopped and Screwed , Dirty South , Trap"
凛として時雨 [Ling tosite sigure],just A moment,2009,,442,AOTY,86,1067,"J-Rock , Post-Hardcore Math Rock , Emo , Noise Rock"
Bright Eyes,"I'm Wide Awake, It's Morning",2005,,443,AOTY,85,3793,"Indie Folk , Singer-Songwriter Alt-Country"
Mobb Deep,Hell on Earth,1996,,446,AOTY,86,1676,"Boom Bap , East Coast Hip Hop , Gangsta Rap Hardcore Hip Hop"
Maruja,Knocknarea,2023,,447,AOTY,85,6358,"Art Rock , Post-Rock , Art Punk Post-Punk , Post-Hardcore , Jazz-Rock"
De La Soul,3 Feet High and Rising,1989,,451,AOTY,85,5882,"East Coast Hip Hop Sampledelia , Jazz Rap , Boom Bap , Turntablism , Conscious Hip Hop"
Porter Robinson,Nurture,2021,,453,AOTY,85,9777,"Electropop , Synthpop Glitch Pop , Folktronica , Progressive House , Indietronica , Botanica"
Joni Mitchell,The Hissing of Summer Lawns,1975,,456,AOTY,86,1563,"Singer-Songwriter , Jazz Pop Art Pop , Folk Pop , Soft Rock"
Milton Nascimento,Minas,1975,,461,AOTY,86,817,"Progressive Folk , MPB , Singer-Songwriter Avant-Folk , Psychedelic Folk , Jazz Fusion , Progressive Rock"
高中正義 [Masayoshi Takanaka],AN INSATIABLE HIGH,1977,,465,AOTY,86,1573,"Jazz Fusion , City Pop Jazz-Funk , Jazz Pop"
Run The Jewels,Run The Jewels 2,2014,,468,AOTY,85,7867,"Hardcore Hip Hop Political Hip Hop , Experimental Hip Hop , Industrial Hip Hop"
Boris,あくまのうた [Akuma no uta],2003,,470,AOTY,85,2091,"Stoner Metal , Sludge Metal Garage Punk , Noise Rock , Heavy Psych"
Nine Inch Nails,Broken,1992,,473,AOTY,85,2647,"Industrial Metal , Industrial Rock Electro-Industrial , Noise Rock"
Beyoncé,RENAISSANCE,2022,,474,AOTY,85,13215,"House , Dance-Pop , Contemporary R&B Ballroom , Pop Rap , Afrobeats , Hip House , Nu-Disco"
Maruja,Pain to Power,2025,,477,AOTY,85,9910,"Post-Rock , Post-Punk , Jazz-Rock Rap Rock , Noise Rock , Post-Hardcore , Art Punk"
Sampha,Lahai,2023,,482,AOTY,85,10481,"Alternative R&B , Neo-Soul UK Bass , Future Garage , Art Pop"
JPEGMAFIA,I LAY DOWN MY LIFE FOR YOU,2024,,484,AOTY,85,26013,"Experimental Hip Hop , Hardcore Hip Hop Rap Rock , Industrial Hip Hop , Rap Metal"
t e l e p a t h テレパシー能力者,星間性交 [Interstellar Intercourse],2015,,485,AOTY,86,769,"Slushwave , Ambient Dreampunk , Space Ambient , Ambient Dub"
Tori Amos,Boys for Pele,1996,,486,AOTY,86,1095,"Art Pop , Singer-Songwriter Baroque Pop , Piano Rock , Progressive Pop , Alternative Rock"
Knocked Loose,A Tear in the Fabric of Life,2021,,487,AOTY,85,2813,"Metalcore Deathcore , Beatdown Hardcore"
The Weeknd,House Of Balloons,2011,,488,AOTY,85,10828,"Alternative R&B Downtempo , Darkwave , Future Garage"
Julia Holter,Have You in My Wilderness,2015,,490,AOTY,85,2831,"Art Pop , Chamber Pop Baroque Pop , Ambient Pop , Singer-Songwriter"
Willie Colón & Héctor Lavoe,Lo Mato,1973,,492,AOTY,86,750,"Salsa Dura , Salsa Son Cubano"
Bon Iver,"Bon Iver, Bon Iver",2011,,493,AOTY,85,5384,"Indie Folk , Art Pop Chamber Folk , Singer-Songwriter"
万能青年旅店 [Omnipotent Youth Society],万能青年旅店 [Omnipotent Youth Society],2010,,494,AOTY,86,1066,"Art Rock , Indie Rock Folk Rock , Progressive Rock"
leroy,"dariacore 2: enter here, hell to the left",2021,,495,AOTY,85,2013,"Dariacore , Future Bass Happy Hardcore , Nightcore , Jersey Club , Sampledelia"
Pete Rock & CL Smooth,Mecca and the Soul Brother,1992,,497,AOTY,86,1101,"Jazz Rap , Boom Bap , East Coast Hip Hop , Conscious Hip Hop Turntablism , Hardcore Hip Hop"
FKA twigs,M3LL155X,2015,,498,AOTY,85,4809,"Glitch Pop , Art Pop , UK Bass Alternative R&B , Deconstructed Club , Wonky , Trip Hop"
Elza Soares,A Mulher do Fim do Mundo,2015,,500,AOTY,86,788,"Art Rock , Vanguarda Paulista Post-Punk , Jazz-Rock , MPB , Math Rock"
